{
  "probit": {
    "auc": 0.9826685660018992,
    "pr_auc": 0.9473199250090685,
    "brier": 0.0495846481362722,
    "inv_brier": 20.16712572258371
  },
  "random_forest": {
    "auc": 0.9575362908696242,
    "pr_auc": 0.8871119018635971,
    "brier": 0.08148122744651844,
    "inv_brier": 12.27261491662533
  },
  "xgboost": {
    "auc": 0.9279270112603445,
    "pr_auc": 0.8003915619112444,
    "brier": 0.12436381126761174,
    "inv_brier": 8.040859707881287
  },
  "markov_switching": {
    "auc": 0.8943155609822276,
    "pr_auc": 0.6136802671787184,
    "brier": 0.10261628008797893,
    "inv_brier": 9.744947431296659
  },
  "hamilton_benchmark": {
    "auc": 0.6311050061050061,
    "pr_auc": 0.41056019528940524,
    "brier": 0.13505451941984714,
    "inv_brier": 7.404362326661376
  },
  "chauvet_piger_benchmark": {
    "auc": 0.9497863247863249,
    "pr_auc": 0.6997616948013774,
    "brier": 0.1395038202247191,
    "inv_brier": 7.168211093990631
  },
  "wright_probit": {
    "auc": 0.5135497218830551,
    "pr_auc": 0.20747301197996668,
    "brier": 0.17753807461477145,
    "inv_brier": 5.63256287197522
  }
}