{
  "probit": {
    "auc": 0.9936575769909103,
    "pr_auc": 0.9666822156374357,
    "brier": 0.039697160929712996,
    "inv_brier": 25.19008378676623
  },
  "random_forest": {
    "auc": 0.9608601275267942,
    "pr_auc": 0.8829373501435274,
    "brier": 0.0837334182996336,
    "inv_brier": 11.94252041522065
  },
  "xgboost": {
    "auc": 0.9439017772351106,
    "pr_auc": 0.8028160607522385,
    "brier": 0.10582897312996789,
    "inv_brier": 9.449118906719535
  },
  "markov_switching": {
    "auc": 0.8943155609822276,
    "pr_auc": 0.6136802671787184,
    "brier": 0.10261628008797893,
    "inv_brier": 9.744947431296659
  }
}