Model,AUC,PR_AUC,Brier,LogLoss,Precision,Recall,F1,Accuracy,Sensitivity,Specificity,Youdens_J
probit,0.7277840269966255,0.19717261904761904,0.0602821274874774,0.21538722142571562,0.25,0.2857142857142857,0.26666666666666666,0.917910447761194,0.2857142857142857,0.952755905511811,0.2384701912260967
random_forest,0.4893138357705286,0.18969438521677326,0.05464526427581371,0.6754520122730339,0.25,0.14285714285714285,0.18181818181818182,0.9328358208955224,0.14285714285714285,0.9763779527559056,0.11923509561304835
xgboost,0.5894263217097863,0.2016910982755385,0.05564370706457396,0.22346648892115437,0.14285714285714285,0.14285714285714285,0.14285714285714285,0.9104477611940298,0.14285714285714285,0.952755905511811,0.0956130483689539
markov_switching,0.6361079865016873,0.08265918980204695,0.15266096252239444,0.4157871732300666,0.02702702702702703,0.14285714285714285,0.045454545454545456,0.6865671641791045,0.14285714285714285,0.7165354330708661,-0.140607424071991
ensemble,0.6979752530933633,0.26860119047619047,0.05351206110065374,0.2132206594527987,0.2857142857142857,0.2857142857142857,0.2857142857142857,0.9253731343283582,0.2857142857142857,0.9606299212598425,0.24634420697412818
