{
  "variant": "continuous_only",
  "feature_count": 405,
  "must_include_collisions": [
    "AT_RISK_DIFFUSION",
    "AT_RISK_DIFFUSION_WEIGHTED"
  ],
  "cv_auc": 0.9936575769909103,
  "cv_pr_auc": 0.9666822156374357,
  "cv_brier": 0.039697160929712996,
  "cv_logloss": NaN,
  "cv_per_model": {
    "probit": {
      "auc": 0.9936575769909103,
      "pr_auc": 0.9666822156374357,
      "brier": 0.039697160929712996,
      "inv_brier": 25.19008378676623
    },
    "random_forest": {
      "auc": 0.9608601275267942,
      "pr_auc": 0.8829373501435274,
      "brier": 0.0837334182996336,
      "inv_brier": 11.94252041522065
    },
    "xgboost": {
      "auc": 0.9439017772351106,
      "pr_auc": 0.8028160607522385,
      "brier": 0.10582897312996789,
      "inv_brier": 9.449118906719535
    },
    "markov_switching": {
      "auc": 0.8943155609822276,
      "pr_auc": 0.6136802671787184,
      "brier": 0.10261628008797893,
      "inv_brier": 9.744947431296659
    }
  },
  "test_auc": 0.6979752530933633,
  "test_pr_auc": 0.26860119047619047,
  "test_brier": 0.05351206110065374,
  "test_logloss": 0.2132206594527987,
  "ece": 0.07854946374622533,
  "backtest_mean_auc": 0.8870712525460809,
  "backtest_mean_brier": 0.19413854099996217,
  "backtest_recessions": "4/5",
  "per_recession_lead_months": {
    "Volcker I (1980)": 6.044678055190539,
    "S&L Crisis (1990-91)": 6.964520367936925,
    "GFC (2007-09)": 2.0039421813403417,
    "COVID (2020)": -6.011826544021025
  },
  "selected_feature_count": 50,
  "top_20_selected_features": [
    "NFCI_Z",
    "glr_CUMFNS_3M",
    "leading_PRFI_3M",
    "leading_PRFI_MoM",
    "leading_USSLIND",
    "SOS_MOMENTUM",
    "leading_ICSA_YoY",
    "DURABLES_Z",
    "financial_NFCI_MA3",
    "leading_TB3MS_Vol6M",
    "leading_PNFI_MoM",
    "coincident_IURSA_6M",
    "coincident_IURSA_3M",
    "coincident_CMRMTSPL_6M",
    "RESIDENTIAL_INV_Z",
    "leading_T10Y2Y_vs_ma24",
    "leading_ICSA_6M",
    "coincident_UNRATE_YoY",
    "coincident_PAYEMS_Vol6M",
    "leading_UMCSENT_6M"
  ],
  "top_20_at_risk_fraction": 0.0,
  "top_20_at_risk_names": [],
  "decision_threshold": 0.31,
  "ensemble_weights": {
    "probit": 0.5,
    "random_forest": 0.5
  }
}