{
  "probit": {
    "auc": 0.7203059286392619,
    "pr_auc": 0.5406363510451264,
    "brier": 0.16933710071384922,
    "inv_brier": 5.905345552976405
  },
  "random_forest": {
    "auc": 0.655287613620947,
    "pr_auc": 0.42159085670387814,
    "brier": 0.17746423273673786,
    "inv_brier": 5.634906536783221
  },
  "xgboost": {
    "auc": 0.732787274453941,
    "pr_auc": 0.4597284122961357,
    "brier": 0.2256906875124846,
    "inv_brier": 4.430823354735574
  }
}