{
  "variant": "at_risk_only",
  "feature_count": 48,
  "must_include_collisions": [
    "leading_T10Y3M",
    "leading_T10Y3M_inverted",
    "leading_T10Y3M_inv_duration",
    "monetary_DFF",
    "NEAR_TERM_FORWARD_SPREAD",
    "NTFS_inverted",
    "FFR_x_SPREAD",
    "FFR_STANCE",
    "TERM_PREMIUM_ADJ_SPREAD",
    "TP_ADJ_SPREAD_inverted",
    "monetary_BAA10Y",
    "EBP_PROXY",
    "EBP_PROXY_Z",
    "financial_NFCI",
    "CREDIT_STRESS_INDEX",
    "SAHM_INDICATOR",
    "SAHM_TRIGGER",
    "SOS_INDICATOR",
    "SOS_TRIGGER",
    "HOUSE_PRICE_DECLINING",
    "RECESSION_CONFIRM_2OF3",
    "RESIDENTIAL_INV_YOY",
    "SECTORAL_DIVERGENCE"
  ],
  "cv_auc": 0.732787274453941,
  "cv_pr_auc": 0.5406363510451264,
  "cv_brier": 0.16933710071384922,
  "cv_logloss": NaN,
  "cv_per_model": {
    "probit": {
      "auc": 0.7203059286392619,
      "pr_auc": 0.5406363510451264,
      "brier": 0.16933710071384922,
      "inv_brier": 5.905345552976405
    },
    "random_forest": {
      "auc": 0.655287613620947,
      "pr_auc": 0.42159085670387814,
      "brier": 0.17746423273673786,
      "inv_brier": 5.634906536783221
    },
    "xgboost": {
      "auc": 0.732787274453941,
      "pr_auc": 0.4597284122961357,
      "brier": 0.2256906875124846,
      "inv_brier": 4.430823354735574
    }
  },
  "test_auc": 0.33520809898762655,
  "test_pr_auc": 0.05331170050508534,
  "test_brier": 0.09079880158292265,
  "test_logloss": 0.3405197309094023,
  "ece": 0.16882436528365824,
  "backtest_mean_auc": 0.5255211607614354,
  "backtest_mean_brier": 0.27787176155562116,
  "backtest_recessions": "5/5",
  "per_recession_lead_months": {
    "Volcker I (1980)": 6.964520367936925,
    "S&L Crisis (1990-91)": 6.964520367936925,
    "Dot-com (2001)": 6.044678055190539,
    "GFC (2007-09)": 2.0039421813403417,
    "COVID (2020)": -6.011826544021025
  },
  "selected_feature_count": 27,
  "top_20_selected_features": [
    "leading_USSLIND_AT_RISK",
    "lagging_UEMPMEAN_AT_RISK",
    "leading_ICSA_AT_RISK",
    "financial_ANFCI_AT_RISK",
    "monetary_BAA10Y_AT_RISK",
    "financial_NFCI_AT_RISK",
    "monetary_TEDRATE_AT_RISK",
    "leading_HOUST_AT_RISK",
    "AT_RISK_DIFFUSION_WEIGHTED",
    "leading_GS2_AT_RISK",
    "glr_IQ12260_AT_RISK",
    "monetary_DFF_AT_RISK",
    "leading_UMCSENT_AT_RISK",
    "glr_VIXCLS_AT_RISK",
    "leading_T10Y3M_AT_RISK",
    "leading_PERMIT_AT_RISK",
    "glr_PCOPPUSDM_AT_RISK",
    "term_structure_THREEFYTP10_AT_RISK",
    "glr_CUMFNS_AT_RISK",
    "coincident_UNRATE_AT_RISK"
  ],
  "top_20_at_risk_fraction": 1.0,
  "top_20_at_risk_names": [
    "leading_USSLIND_AT_RISK",
    "lagging_UEMPMEAN_AT_RISK",
    "leading_ICSA_AT_RISK",
    "financial_ANFCI_AT_RISK",
    "monetary_BAA10Y_AT_RISK",
    "financial_NFCI_AT_RISK",
    "monetary_TEDRATE_AT_RISK",
    "leading_HOUST_AT_RISK",
    "AT_RISK_DIFFUSION_WEIGHTED",
    "leading_GS2_AT_RISK",
    "glr_IQ12260_AT_RISK",
    "monetary_DFF_AT_RISK",
    "leading_UMCSENT_AT_RISK",
    "glr_VIXCLS_AT_RISK",
    "leading_T10Y3M_AT_RISK",
    "leading_PERMIT_AT_RISK",
    "glr_PCOPPUSDM_AT_RISK",
    "term_structure_THREEFYTP10_AT_RISK",
    "glr_CUMFNS_AT_RISK",
    "coincident_UNRATE_AT_RISK"
  ],
  "decision_threshold": 0.26,
  "ensemble_weights": {
    "xgboost": 0.5,
    "probit": 0.5
  }
}