{
  "ci_level": 0.9,
  "n_bootstrap": 200,
  "method": "Dirichlet weight perturbation",
  "latest_ci_lower": 0.18141226323131387,
  "latest_ci_upper": 0.37458088265280526,
  "latest_model_spread": 0.9455289674380607,
  "timestamp": "2026-03-19T21:44:30.802139"
}