{
  "ci_level": 0.9,
  "n_bootstrap": 200,
  "method": "Dirichlet weight perturbation",
  "latest_ci_lower": 0.2408904837468387,
  "latest_ci_upper": 0.2776253764923099,
  "latest_model_spread": 0.13004352686169382,
  "timestamp": "2026-03-19T13:21:51.217021"
}