{
  "ci_level": 0.9,
  "n_bootstrap": 200,
  "method": "Dirichlet weight perturbation",
  "latest_ci_lower": 0.3098131173662314,
  "latest_ci_upper": 0.40623586931092537,
  "latest_model_spread": 0.25444983306713165,
  "timestamp": "2026-04-19T05:26:33.305172"
}