{
  "ci_level": 0.9,
  "n_bootstrap": 200,
  "method": "Dirichlet weight perturbation",
  "latest_ci_lower": 0.28704737400914176,
  "latest_ci_upper": 0.38198344006317286,
  "latest_model_spread": 0.5095883107185364,
  "timestamp": "2026-03-22T04:52:57.805867"
}