{
  "ci_level": 0.9,
  "n_bootstrap": 200,
  "method": "Dirichlet weight perturbation",
  "latest_ci_lower": 0.41204894054246083,
  "latest_ci_upper": 0.44133529637519153,
  "latest_model_spread": 0.07728371367223785,
  "timestamp": "2026-03-23T15:49:11.209857"
}