{
  "ci_level": 0.9,
  "n_bootstrap": 200,
  "method": "Dirichlet weight perturbation",
  "latest_ci_lower": 0.28139710953451014,
  "latest_ci_upper": 0.3257950730370218,
  "latest_model_spread": 0.11716170897315248,
  "timestamp": "2026-04-05T05:10:34.561065"
}