{
  "ci_level": 0.9,
  "n_bootstrap": 200,
  "method": "Dirichlet weight perturbation",
  "latest_ci_lower": 0.41059280144185184,
  "latest_ci_upper": 0.44251387462585684,
  "latest_model_spread": 0.0842364647262146,
  "timestamp": "2026-03-29T05:09:14.008012"
}