{
  "ci_level": 0.9,
  "n_bootstrap": 200,
  "method": "Dirichlet weight perturbation",
  "latest_ci_lower": 0.2666644846197416,
  "latest_ci_upper": 0.2859145302292122,
  "latest_model_spread": 0.09333333333333332,
  "timestamp": "2026-03-20T10:54:50.539270"
}