{
  "ci_level": 0.9,
  "n_bootstrap": 200,
  "method": "Dirichlet weight perturbation",
  "latest_ci_lower": 0.2941392358548482,
  "latest_ci_upper": 0.31133215720648816,
  "latest_model_spread": 0.045370370370370394,
  "timestamp": "2026-04-12T05:21:17.164199"
}