{
  "probit": {
    "auc": 0.9826685660018992,
    "pr_auc": 0.9473199250090685,
    "brier": 0.0495846481362722,
    "inv_brier": 20.16712572258371
  },
  "random_forest": {
    "auc": 0.9575362908696242,
    "pr_auc": 0.8871119018635971,
    "brier": 0.08148122744651844,
    "inv_brier": 12.27261491662533
  },
  "xgboost": {
    "auc": 0.9279270112603445,
    "pr_auc": 0.8003915619112444,
    "brier": 0.12436381126761174,
    "inv_brier": 8.040859707881287
  },
  "markov_switching": {
    "auc": 0.8943155609822276,
    "pr_auc": 0.6136802671787184,
    "brier": 0.10261628008797893,
    "inv_brier": 9.744947431296659
  }
}