{
  "probit": {
    "auc": 0.9830416497083163,
    "pr_auc": 0.943057157121547,
    "brier": 0.0555403432674361,
    "inv_brier": 18.004605959652764
  },
  "random_forest": {
    "auc": 0.959096459096459,
    "pr_auc": 0.8781434727025985,
    "brier": 0.08391944216740145,
    "inv_brier": 11.916047796855459
  },
  "xgboost": {
    "auc": 0.9381020214353547,
    "pr_auc": 0.8014362752093066,
    "brier": 0.1139979660185518,
    "inv_brier": 8.772009386797977
  },
  "markov_switching": {
    "auc": 0.8970967304300638,
    "pr_auc": 0.6205226354632438,
    "brier": 0.10310832775444806,
    "inv_brier": 9.69844360135362
  }
}