{
  "probit": {
    "auc": 0.9875186541853208,
    "pr_auc": 0.9508282284234701,
    "brier": 0.04936818490941976,
    "inv_brier": 20.25555013384873
  },
  "random_forest": {
    "auc": 0.9605548772215439,
    "pr_auc": 0.8839419406619113,
    "brier": 0.08342905091789224,
    "inv_brier": 11.986088813300029
  },
  "xgboost": {
    "auc": 0.9344729344729344,
    "pr_auc": 0.7897395470632047,
    "brier": 0.1180751037081506,
    "inv_brier": 8.46911414414305
  },
  "markov_switching": {
    "auc": 0.8838353005019671,
    "pr_auc": 0.5765117273717211,
    "brier": 0.10912460512785906,
    "inv_brier": 9.163752162733314
  }
}