{
  "probit": {
    "auc": 0.9809048975715642,
    "pr_auc": 0.9340490071177857,
    "brier": 0.05423368788569898,
    "inv_brier": 18.43838397498527
  },
  "random_forest": {
    "auc": 0.9613688780355448,
    "pr_auc": 0.8791619678680153,
    "brier": 0.08024685746897671,
    "inv_brier": 12.46139188683752
  },
  "xgboost": {
    "auc": 0.9375593542260209,
    "pr_auc": 0.8184156144327187,
    "brier": 0.10569020655656443,
    "inv_brier": 9.46152506514167
  },
  "markov_switching": {
    "auc": 0.8754239587572921,
    "pr_auc": 0.5607242538706542,
    "brier": 0.11144784636661029,
    "inv_brier": 8.972726345775767
  }
}