{
  "probit": {
    "auc": 0.9826685660018992,
    "pr_auc": 0.9473199250090685,
    "brier": 0.049584648136272357,
    "inv_brier": 20.167125722583645
  },
  "random_forest": {
    "auc": 0.9581807081807082,
    "pr_auc": 0.8823291603506443,
    "brier": 0.08225323938091747,
    "inv_brier": 12.157428085487767
  },
  "xgboost": {
    "auc": 0.9285375118708451,
    "pr_auc": 0.7964382740737118,
    "brier": 0.12428913152433717,
    "inv_brier": 8.045691059584973
  },
  "markov_switching": {
    "auc": 0.8940611857278524,
    "pr_auc": 0.6048404444500067,
    "brier": 0.10333259520872215,
    "inv_brier": 9.677394829630318
  }
}