{
  "probit": {
    "auc": 0.9603174603174603,
    "brier": 0.05100024162055263,
    "inv_brier": 19.607365786110922
  },
  "random_forest": {
    "auc": 0.957977207977208,
    "brier": 0.07640137795385755,
    "inv_brier": 13.088597852333077
  },
  "xgboost": {
    "auc": 0.952618369285036,
    "brier": 0.07809712038346152,
    "inv_brier": 12.8044054721164
  },
  "markov_switching": {
    "auc": 0.9282661782661783,
    "brier": 0.13574409438122684,
    "inv_brier": 7.366748717943336
  }
}