{
  "probit": {
    "auc": 0.9832112332112332,
    "pr_auc": 0.9411895608654689,
    "brier": 0.05632225711404308,
    "inv_brier": 17.7546550259905
  },
  "random_forest": {
    "auc": 0.9602157102157102,
    "pr_auc": 0.8825153257277458,
    "brier": 0.08510513826353648,
    "inv_brier": 11.750033786087643
  },
  "xgboost": {
    "auc": 0.9342016008682675,
    "pr_auc": 0.7926672410744671,
    "brier": 0.12039111962177312,
    "inv_brier": 8.306191494440208
  },
  "markov_switching": {
    "auc": 0.8795109211775878,
    "pr_auc": 0.5709760110712347,
    "brier": 0.11005497835852081,
    "inv_brier": 9.086285133392552
  }
}