{
  "probit": {
    "auc": 0.9321326821326821,
    "brier": 0.08189484921422761,
    "inv_brier": 12.210631058774977
  },
  "random_forest": {
    "auc": 0.929724596391263,
    "brier": 0.09560876918142583,
    "inv_brier": 10.459182242166428
  },
  "xgboost": {
    "auc": 0.9031508614841948,
    "brier": 0.1017611440129528,
    "inv_brier": 9.826836980485739
  }
}