{
  "probit": {
    "auc": 0.9761904761904763,
    "pr_auc": 0.9194097782548809,
    "brier": 0.05773491511548038,
    "inv_brier": 17.320241620832576
  },
  "random_forest": {
    "auc": 0.9613010446343779,
    "pr_auc": 0.8795062696195721,
    "brier": 0.08050887751973351,
    "inv_brier": 12.420836185658006
  },
  "xgboost": {
    "auc": 0.9321665988332655,
    "pr_auc": 0.802772225426923,
    "brier": 0.11273912628365505,
    "inv_brier": 8.86995635860822
  },
  "markov_switching": {
    "auc": 0.8745421245421245,
    "pr_auc": 0.5564669455613214,
    "brier": 0.11194861366460696,
    "inv_brier": 8.932590004248953
  }
}