{
  "probit": {
    "auc": 0.9705263871930538,
    "brier": 0.04675410075072995,
    "inv_brier": 21.388040747284407
  },
  "random_forest": {
    "auc": 0.9581807081807081,
    "brier": 0.07600381644537804,
    "inv_brier": 13.157060917562566
  },
  "xgboost": {
    "auc": 0.9548059964726631,
    "brier": 0.07609790300872167,
    "inv_brier": 13.140793894038003
  },
  "markov_switching": {
    "auc": 0.8754239587572921,
    "brier": 0.11144784636661029,
    "inv_brier": 8.972726345775767
  }
}