{
  "probit": {
    "auc": 0.9866368199701534,
    "pr_auc": 0.9590235243677523,
    "brier": 0.04707377926869015,
    "inv_brier": 21.242797428582076
  },
  "random_forest": {
    "auc": 0.9610636277302944,
    "pr_auc": 0.8884833695205537,
    "brier": 0.0822886829921753,
    "inv_brier": 12.152191667758487
  },
  "xgboost": {
    "auc": 0.9272825939492606,
    "pr_auc": 0.7817903839949156,
    "brier": 0.1225594296900318,
    "inv_brier": 8.15924032356206
  },
  "markov_switching": {
    "auc": 0.8943155609822276,
    "pr_auc": 0.6136802671787184,
    "brier": 0.10261628008797893,
    "inv_brier": 9.744947431296659
  }
}