{
  "probit": {
    "auc": 0.9705263871930538,
    "brier": 0.04675410075072998,
    "inv_brier": 21.388040747284396
  },
  "random_forest": {
    "auc": 0.9565866232532898,
    "brier": 0.07682479594998226,
    "inv_brier": 13.016461302282556
  },
  "xgboost": {
    "auc": 0.9537037037037037,
    "brier": 0.07741100984425718,
    "inv_brier": 12.917892223853494
  },
  "markov_switching": {
    "auc": 0.8745590828924161,
    "brier": 0.1114063583597422,
    "inv_brier": 8.976067781545717
  },
  "lstm": {
    "auc": 0.7506952923619591,
    "brier": 0.14840458399556936,
    "inv_brier": 6.7382909259657975
  }
}