{
  "probit": {
    "auc": 0.9517026183692849,
    "brier": 0.07150923313596948,
    "inv_brier": 13.984012583186537
  },
  "random_forest": {
    "auc": 0.954008954008954,
    "brier": 0.08323276683783354,
    "inv_brier": 12.014354726349529
  },
  "xgboost": {
    "auc": 0.9272995522995522,
    "brier": 0.08879924908250551,
    "inv_brier": 11.261229673701552
  }
}