{
  "probit": 0.37575045283217196,
  "random_forest": 0.321854165016638,
  "xgboost": 0.30239538215119005
}