{
  "probit": 0.3958727641058609,
  "random_forest": 0.27908483872231915,
  "xgboost": 0.27504239717182,
  "markov_switching": 0.05
}