{
  "probit": 0.37531303920108633,
  "random_forest": 0.32244993771013036,
  "xgboost": 0.3022370230887834
}