{
  "probit": 0.355068609147495,
  "random_forest": 0.25031847225738385,
  "xgboost": 0.2466927009767106,
  "markov_switching": 0.1479202176184106
}