{
  "probit": 0.38506653234912075,
  "random_forest": 0.21951142536673976,
  "xgboost": 0.2757988384595882,
  "markov_switching": 0.11962320382455124
}