{
  "probit": 0.3518631814024381,
  "random_forest": 0.19999691740048953,
  "xgboost": 0.2488743385899898,
  "markov_switching": 0.10881459037872881,
  "lstm": 0.09045097222835376
}