Model,AUC,Brier,LogLoss,Precision,Recall,F1,Accuracy,Sensitivity,Specificity,Youdens_J
probit,0.5241844769403824,0.09073359532875522,0.314993681428161,0.02702702702702703,0.14285714285714285,0.045454545454545456,0.6865671641791045,0.14285714285714285,0.7165354330708661,-0.140607424071991
random_forest,0.6034870641169853,0.062008369206929564,0.237127584709025,0.05555555555555555,0.14285714285714285,0.08,0.8283582089552238,0.14285714285714285,0.8661417322834646,0.008998875140607376
xgboost,0.5601799775028121,0.06761818938846421,0.2561782448800007,0.03225806451612903,0.14285714285714285,0.05263157894736842,0.7313432835820896,0.14285714285714285,0.7637795275590551,-0.09336332958380211
ensemble,0.5275590551181102,0.0696339053433116,0.2636463718333832,0.03333333333333333,0.14285714285714285,0.05405405405405406,0.7388059701492538,0.14285714285714285,0.7716535433070866,-0.08548931383577063
