Model,AUC,PR_AUC,Brier,LogLoss,Precision,Recall,F1,Accuracy,Sensitivity,Specificity,Youdens_J
probit,0.8543307086614174,0.31516150516150515,0.04510010702348651,0.16791010003415877,0.4,0.2857142857142857,0.3333333333333333,0.9402985074626866,0.2857142857142857,0.9763779527559056,0.26209223847019114
random_forest,0.7058492688413949,0.22921108742004265,0.04988902771389696,0.36496573708237773,0.3333333333333333,0.14285714285714285,0.2,0.9402985074626866,0.14285714285714285,0.984251968503937,0.12710911136107983
xgboost,0.6681664791901012,0.21396503339247117,0.05494641145557132,0.21339354129429802,0.25,0.14285714285714285,0.18181818181818182,0.9328358208955224,0.14285714285714285,0.9763779527559056,0.11923509561304835
markov_switching,0.6158605174353206,0.07290068361496935,0.14877765326291403,0.4125875470967042,0.02702702702702703,0.14285714285714285,0.045454545454545456,0.6865671641791045,0.14285714285714285,0.7165354330708661,-0.140607424071991
ensemble,0.827896512935883,0.3569854427339696,0.04579193159512982,0.16808038701057018,0.4,0.2857142857142857,0.3333333333333333,0.9402985074626866,0.2857142857142857,0.9763779527559056,0.26209223847019114
