Model,AUC,PR_AUC,Brier,LogLoss,Precision,Recall,F1,Accuracy,Sensitivity,Specificity,Youdens_J
probit,0.749718785151856,0.20717629135329274,0.08368910529597907,0.26403712356189124,0.09523809523809523,0.2857142857142857,0.14285714285714285,0.8208955223880597,0.2857142857142857,0.8503937007874016,0.13610798650168743
random_forest,0.515748031496063,0.12064676616915422,0.056444041950916686,0.6755138450419185,0.3333333333333333,0.14285714285714285,0.2,0.9402985074626866,0.14285714285714285,0.984251968503937,0.12710911136107983
xgboost,0.5140607424071991,0.11747488683397374,0.053587598798654566,0.5797949308068153,0.5,0.14285714285714285,0.2222222222222222,0.9477611940298507,0.14285714285714285,0.9921259842519685,0.1349831271091113
markov_switching,0.6361079865016873,0.08265918980204695,0.21110981291671235,0.6465779234605257,0.02702702702702703,0.14285714285714285,0.045454545454545456,0.6865671641791045,0.14285714285714285,0.7165354330708661,-0.140607424071991
ensemble,0.718785151856018,0.20001037703216878,0.06073135145121316,0.21913366677033166,0.4,0.2857142857142857,0.3333333333333333,0.9402985074626866,0.2857142857142857,0.9763779527559056,0.26209223847019114
