Model,AUC,Brier,LogLoss,Precision,Recall,F1,Accuracy,Sensitivity,Specificity,Youdens_J
probit,0.5528683914510686,0.0749395762289306,0.2729803393332656,0.06666666666666667,0.14285714285714285,0.09090909090909091,0.8507462686567164,0.14285714285714285,0.889763779527559,0.03262092238470182
random_forest,0.46119235095613054,0.05545820400053283,0.23401737438380407,0.3333333333333333,0.14285714285714285,0.2,0.9402985074626866,0.14285714285714285,0.984251968503937,0.12710911136107983
xgboost,0.5348706411698538,0.057915646428604445,0.3232588476463436,0.16666666666666666,0.14285714285714285,0.15384615384615385,0.917910447761194,0.14285714285714285,0.9606299212598425,0.10348706411698538
ensemble,0.5298087739032621,0.05974780124592854,0.23550162946437536,0.25,0.14285714285714285,0.18181818181818182,0.9328358208955224,0.14285714285714285,0.9763779527559056,0.11923509561304835
