Model,AUC,PR_AUC,Brier,LogLoss,Precision,Recall,F1,Accuracy,Sensitivity,Specificity,Youdens_J
probit,0.7840269966254219,0.2233619452509136,0.06929254022496356,0.24274274885955846,0.18181818181818182,0.2857142857142857,0.2222222222222222,0.8955223880597015,0.2857142857142857,0.9291338582677166,0.21484814398200225
random_forest,0.6580427446569179,0.12157789786907625,0.056706497692839655,0.30149752874361224,0.25,0.14285714285714285,0.18181818181818182,0.9328358208955224,0.14285714285714285,0.9763779527559056,0.11923509561304835
xgboost,0.7154105736782902,0.25668498168498166,0.05668622893219135,0.21612230663835705,0.2,0.14285714285714285,0.16666666666666666,0.9253731343283582,0.14285714285714285,0.968503937007874,0.11136107986501687
markov_switching,0.6327334083239595,0.07612996715701541,0.1416948472613249,0.3948453253574994,0.02857142857142857,0.14285714285714285,0.047619047619047616,0.7014925373134329,0.14285714285714285,0.7322834645669292,-0.12485939257592804
ensemble,0.734533183352081,0.23423672856532476,0.05681254944789051,0.21188460653531907,0.25,0.2857142857142857,0.26666666666666666,0.917910447761194,0.2857142857142857,0.952755905511811,0.2384701912260967
