Model,AUC,PR_AUC,Brier,LogLoss,Precision,Recall,F1,Accuracy,Sensitivity,Specificity,Youdens_J
probit,0.733970753655793,0.19742650947029675,0.08508329515282133,0.2674557362445607,0.0625,0.2857142857142857,0.10256410256410256,0.7388059701492538,0.2857142857142857,0.7637795275590551,0.04949381327334068
random_forest,0.5404949381327334,0.1193240148464029,0.05379375836345109,0.6643386056490179,0.2,0.14285714285714285,0.16666666666666666,0.9253731343283582,0.14285714285714285,0.968503937007874,0.11136107986501687
xgboost,0.5500562429696287,0.12466078697421981,0.05213320962396509,0.48395199702555713,0.3333333333333333,0.14285714285714285,0.2,0.9402985074626866,0.14285714285714285,0.984251968503937,0.12710911136107983
markov_switching,0.6361079865016873,0.08265918980204695,0.15266096252239444,0.4157871732300666,0.02702702702702703,0.14285714285714285,0.045454545454545456,0.6865671641791045,0.14285714285714285,0.7165354330708661,-0.140607424071991
ensemble,0.7221597300337458,0.19576012671078283,0.058666958754726856,0.2149430224981982,0.18181818181818182,0.2857142857142857,0.2222222222222222,0.8955223880597015,0.2857142857142857,0.9291338582677166,0.21484814398200225
