Model,AUC,Brier,LogLoss,Precision,Recall,F1,Accuracy,Sensitivity,Specificity,Youdens_J
probit,0.686726659167604,0.07770208239041163,0.2757683859122695,0.1,0.14285714285714285,0.11764705882352941,0.8880597014925373,0.14285714285714285,0.9291338582677166,0.07199100112485946
random_forest,0.6917885264341957,0.05289159844974617,0.2106835624476926,0.25,0.14285714285714285,0.18181818181818182,0.9328358208955224,0.14285714285714285,0.9763779527559056,0.11923509561304835
xgboost,0.7424071991001124,0.05318386802739941,0.21589300213672064,0.16666666666666666,0.14285714285714285,0.15384615384615385,0.917910447761194,0.14285714285714285,0.9606299212598425,0.10348706411698538
markov_switching,0.6816647919010124,0.3804747062812235,1.7308968624365948,0.11290322580645161,1.0,0.2028985507246377,0.5895522388059702,1.0,0.5669291338582677,0.5669291338582676
ensemble,0.7322834645669292,0.06602838824677837,0.23378816647285458,0.1111111111111111,0.14285714285714285,0.125,0.8955223880597015,0.14285714285714285,0.937007874015748,0.07986501687289094
