Model,AUC,Brier,LogLoss,Precision,Recall,F1,Accuracy,Sensitivity,Specificity,Youdens_J
probit,0.6929133858267716,0.08312356408755502,0.30977002714995133,0.14285714285714285,0.2857142857142857,0.19047619047619047,0.8731343283582089,0.2857142857142857,0.905511811023622,0.1912260967379078
random_forest,0.7452193475815523,0.05680633365032398,0.20410711115161903,0.1111111111111111,0.14285714285714285,0.125,0.8955223880597015,0.14285714285714285,0.937007874015748,0.07986501687289094
xgboost,0.640607424071991,0.055150483214544695,0.22057272047766807,0.25,0.14285714285714285,0.18181818181818182,0.9328358208955224,0.14285714285714285,0.9763779527559056,0.11923509561304835
markov_switching,0.6327334083239595,0.1416948472613249,0.3948453253574994,0.043478260869565216,0.2857142857142857,0.07547169811320754,0.6343283582089553,0.2857142857142857,0.6535433070866141,-0.06074240719910018
ensemble,0.6647919010123734,0.06454692395696898,0.25104201719307534,0.14285714285714285,0.14285714285714285,0.14285714285714285,0.9104477611940298,0.14285714285714285,0.952755905511811,0.0956130483689539
