Model,AUC,PR_AUC,Brier,LogLoss,Precision,Recall,F1,Accuracy,Sensitivity,Specificity,Youdens_J
probit,0.7924634420697412,0.370687577356524,0.056727140301338304,0.20383058296470707,0.18181818181818182,0.2857142857142857,0.2222222222222222,0.8955223880597015,0.2857142857142857,0.9291338582677166,0.21484814398200225
random_forest,0.672665916760405,0.2390583829816239,0.050083080340890394,0.37114825675368757,0.3333333333333333,0.14285714285714285,0.2,0.9402985074626866,0.14285714285714285,0.984251968503937,0.12710911136107983
xgboost,0.7002249718785152,0.25981014052244394,0.05441211340622322,0.20764480388417197,0.2857142857142857,0.2857142857142857,0.2857142857142857,0.9253731343283582,0.2857142857142857,0.9606299212598425,0.24634420697412818
markov_switching,0.6181102362204725,0.07364115010886048,0.1487569991383037,0.4125182514456369,0.02702702702702703,0.14285714285714285,0.045454545454545456,0.6865671641791045,0.14285714285714285,0.7165354330708661,-0.140607424071991
ensemble,0.764904386951631,0.31355426914243384,0.049238144419099975,0.1840667149210598,0.6666666666666666,0.2857142857142857,0.4,0.9552238805970149,0.2857142857142857,0.9921259842519685,0.2778402699662541
