Model,AUC,Brier,LogLoss,Precision,Recall,F1,Accuracy,Sensitivity,Specificity,Youdens_J
probit,0.6929133858267716,0.08312356467457752,0.3097700274312006,0.18181818181818182,0.2857142857142857,0.2222222222222222,0.8955223880597015,0.2857142857142857,0.9291338582677166,0.21484814398200225
random_forest,0.7244094488188977,0.05755670300956352,0.20901830853200126,0.14285714285714285,0.14285714285714285,0.14285714285714285,0.9104477611940298,0.14285714285714285,0.952755905511811,0.0956130483689539
xgboost,0.6451068616422947,0.05542901195854171,0.2224414583290225,0.25,0.14285714285714285,0.18181818181818182,0.9328358208955224,0.14285714285714285,0.9763779527559056,0.11923509561304835
markov_switching,0.6327334083239595,0.1416948472613249,0.3948453253574994,0.02857142857142857,0.14285714285714285,0.047619047619047616,0.7014925373134329,0.14285714285714285,0.7322834645669292,-0.12485939257592804
lstm,0.31496062992125984,0.12511418433923624,0.45328407240972807,0.0,0.0,0.0,0.6716417910447762,0.0,0.7086614173228346,-0.2913385826771654
ensemble,0.6214848143982002,0.06526829478101234,0.25558537079710514,0.25,0.14285714285714285,0.18181818181818182,0.9328358208955224,0.14285714285714285,0.9763779527559056,0.11923509561304835
