Model,AUC,Brier,LogLoss,Precision,Recall,F1,Accuracy,Sensitivity,Specificity,Youdens_J
probit,0.686726659167604,0.07770187389106195,0.27576791618061225,0.05128205128205128,0.2857142857142857,0.08695652173913043,0.6865671641791045,0.2857142857142857,0.7086614173228346,-0.0056242969628796935
random_forest,0.6917885264341957,0.05289159844974617,0.21068356244769254,0.2,0.14285714285714285,0.16666666666666666,0.9253731343283582,0.14285714285714285,0.968503937007874,0.11136107986501687
xgboost,0.7424071991001124,0.05318386802739941,0.21589300213672064,0.16666666666666666,0.14285714285714285,0.15384615384615385,0.917910447761194,0.14285714285714285,0.9606299212598425,0.10348706411698538
markov_switching,0.6816647919010124,0.3804747062812235,1.7308968624365948,0.1111111111111111,1.0,0.2,0.582089552238806,1.0,0.5590551181102362,0.5590551181102361
ensemble,0.7165354330708662,0.05863073459568507,0.2151496824126793,0.125,0.14285714285714285,0.13333333333333333,0.9029850746268657,0.14285714285714285,0.9448818897637795,0.08773903262092242
