Model,AUC,PR_AUC,Brier,LogLoss,Precision,Recall,F1,Accuracy,Sensitivity,Specificity,Youdens_J
probit,0.749718785151856,0.20717629135329274,0.08367940235662871,0.2640175731699564,0.11764705882352941,0.2857142857142857,0.16666666666666666,0.8507462686567164,0.2857142857142857,0.8818897637795275,0.16760404949381336
random_forest,0.5416197975253093,0.19207533759772566,0.05516326388031385,0.6666560245664037,0.25,0.14285714285714285,0.18181818181818182,0.9328358208955224,0.14285714285714285,0.9763779527559056,0.11923509561304835
xgboost,0.5613048368953881,0.12357853589196872,0.051589299566762184,0.47912745813170676,0.5,0.14285714285714285,0.2222222222222222,0.9477611940298507,0.14285714285714285,0.9921259842519685,0.1349831271091113
markov_switching,0.6361079865016873,0.08265918980204695,0.15266096252239444,0.4157871732300666,0.02702702702702703,0.14285714285714285,0.045454545454545456,0.6865671641791045,0.14285714285714285,0.7165354330708661,-0.140607424071991
ensemble,0.7322834645669292,0.2883771929824561,0.058534044438412,0.21255379569784,0.3333333333333333,0.14285714285714285,0.2,0.9402985074626866,0.14285714285714285,0.984251968503937,0.12710911136107983
