Model,AUC,PR_AUC,Brier,LogLoss,Precision,Recall,F1,Accuracy,Sensitivity,Specificity,Youdens_J
probit,0.7553430821147356,0.16815389692653274,0.058335053083891315,0.219827934401598,0.25,0.14285714285714285,0.18181818181818182,0.9328358208955224,0.14285714285714285,0.9763779527559056,0.11923509561304835
random_forest,0.560179977502812,0.10127931769722814,0.055023858861875906,0.5769760433767781,0.3333333333333333,0.14285714285714285,0.2,0.9402985074626866,0.14285714285714285,0.984251968503937,0.12710911136107983
xgboost,0.593363329583802,0.21199957714627093,0.05124132589456728,0.475323864753707,0.5,0.14285714285714285,0.2222222222222222,0.9477611940298507,0.14285714285714285,0.9921259842519685,0.1349831271091113
markov_switching,0.3194600674915635,0.05668088130774698,0.07956359409770423,0.3213236964589683,0.08333333333333333,0.14285714285714285,0.10526315789473684,0.8731343283582089,0.14285714285714285,0.9133858267716536,0.05624296962879649
ensemble,0.7165354330708662,0.16013107836416107,0.05342275268901875,0.2050676421579634,0.3333333333333333,0.14285714285714285,0.2,0.9402985074626866,0.14285714285714285,0.984251968503937,0.12710911136107983
