{
  "probit": {
    "auc": 0.9814136480803147,
    "pr_auc": 0.9518413612366959,
    "brier": 0.049027033826348765,
    "inv_brier": 20.396494045465424
  },
  "random_forest": {
    "auc": 0.9624542124542125,
    "pr_auc": 0.884618442328565,
    "brier": 0.08075627106845709,
    "inv_brier": 12.38278593084591
  },
  "xgboost": {
    "auc": 0.9308777642110975,
    "pr_auc": 0.7991415823223303,
    "brier": 0.12250152859167686,
    "inv_brier": 8.163096807031481
  },
  "markov_switching": {
    "auc": 0.8943155609822276,
    "pr_auc": 0.6136802671787184,
    "brier": 0.10261628008797893,
    "inv_brier": 9.744947431296659
  }
}