{
  "probit": {
    "auc": 0.9640714145189848,
    "pr_auc": 0.9472348339384002,
    "brier": 0.060550045456796264,
    "inv_brier": 16.514991482905266
  },
  "random_forest": {
    "auc": 0.9369466850285265,
    "pr_auc": 0.8955808464745627,
    "brier": 0.10371843435111214,
    "inv_brier": 9.641394655265756
  },
  "xgboost": {
    "auc": 0.9360859728506787,
    "pr_auc": 0.8872108588834196,
    "brier": 0.09615171650434681,
    "inv_brier": 10.400122184325314
  },
  "markov_switching": {
    "auc": 0.8195209521935864,
    "pr_auc": 0.5832102792884111,
    "brier": 0.17215989488452177,
    "inv_brier": 5.8085199932932365
  }
}