{
  "probit": {
    "auc": 0.9658666142042102,
    "pr_auc": 0.9524229343461722,
    "brier": 0.05650846976785158,
    "inv_brier": 17.696149054452874
  },
  "random_forest": {
    "auc": 0.9356925044265197,
    "pr_auc": 0.8911181074238458,
    "brier": 0.10314699233096403,
    "inv_brier": 9.694808181931135
  },
  "xgboost": {
    "auc": 0.927650993507771,
    "pr_auc": 0.8611300006918977,
    "brier": 0.1030288864226038,
    "inv_brier": 9.705921599274998
  },
  "markov_switching": {
    "auc": 0.8258779264214047,
    "pr_auc": 0.627082828308019,
    "brier": 0.17124162499427245,
    "inv_brier": 5.839667547921827
  }
}