{
  "probit": 0.3333333333333333,
  "random_forest": 0.3333333333333333,
  "xgboost": 0.3333333333333333
}