Model,AUC,PR_AUC,Brier,LogLoss,Precision,Recall,F1,Accuracy,Sensitivity,Specificity,Youdens_J
probit,0.7261294829995343,0.23577635250934906,0.2265053621543369,0.6104329430827907,0.23809523809523808,0.5263157894736842,0.32786885245901637,0.6893939393939394,0.5263157894736842,0.7168141592920354,0.24312994876571947
random_forest,0.6986492780624126,0.22721810133483322,0.20064265342787677,0.5567157650756808,0.2,0.42105263157894735,0.2711864406779661,0.6742424242424242,0.42105263157894735,0.7168141592920354,0.13786679087098275
xgboost,0.6814159292035398,0.24121799893029439,0.22338420877065018,0.622409826382275,0.3137254901960784,0.8421052631578947,0.45714285714285713,0.7121212121212122,0.8421052631578947,0.6902654867256637,0.5323707498835584
markov_switching,0.7547741034000931,0.25459738149930883,0.20075821675269687,0.5626778115266008,0.265625,0.8947368421052632,0.40963855421686746,0.6287878787878788,0.8947368421052632,0.584070796460177,0.4788076385654403
ensemble_raw,0.7154168607359106,0.22396445786078056,0.21314346669020495,0.585177470676201,0.23809523809523808,0.5263157894736842,0.32786885245901637,0.6893939393939394,0.5263157894736842,0.7168141592920354,0.24312994876571947
ensemble,0.6245924545877969,0.19785575048732945,0.29056352542698055,1.0262170270823212,0.03333333333333333,0.05263157894736842,0.04081632653061224,0.6439393939393939,0.05263157894736842,0.7433628318584071,-0.2040055891942245
