Model,AUC,PR_AUC,Brier,LogLoss,Precision,Recall,F1,Accuracy,Sensitivity,Specificity,Youdens_J
probit,0.7366092221704704,0.27620309257306164,0.21547987103647775,0.5803048670793082,0.3064516129032258,1.0,0.4691358024691358,0.6742424242424242,1.0,0.6194690265486725,0.6194690265486726
random_forest,0.7142524452724732,0.22726182088715416,0.1850474582041354,0.5221917992563414,0.20930232558139536,0.47368421052631576,0.2903225806451613,0.6666666666666666,0.47368421052631576,0.6991150442477876,0.1727992547741033
xgboost,0.6986492780624126,0.26918527379053697,0.21129814364336452,0.5890342712583242,0.19,1.0,0.31932773109243695,0.38636363636363635,1.0,0.2831858407079646,0.2831858407079646
markov_switching,0.7547741034000931,0.25459738149930883,0.20075822039479646,0.5626778367510581,0.265625,0.8947368421052632,0.40963855421686746,0.6287878787878788,0.8947368421052632,0.584070796460177,0.4788076385654403
ensemble_raw,0.7205402887750348,0.22480228218581952,0.20031445936049477,0.5508557644950849,0.3333333333333333,1.0,0.5,0.7121212121212122,1.0,0.6637168141592921,0.663716814159292
ensemble,0.696320447135538,0.24918790069612254,0.2834056088752591,1.0706260243461552,0.03225806451612903,0.05263157894736842,0.04,0.6363636363636364,0.05263157894736842,0.7345132743362832,-0.21285514671634842
