{
  "probit": {
    "auc": 0.9804978971645637,
    "pr_auc": 0.9351654938347428,
    "brier": 0.0539231568165004,
    "inv_brier": 18.54456442226663
  },
  "random_forest": {
    "auc": 0.9598765432098766,
    "pr_auc": 0.8812953648948576,
    "brier": 0.08422953535204326,
    "inv_brier": 11.872179083517388
  },
  "xgboost": {
    "auc": 0.9355243521910189,
    "pr_auc": 0.8104345187491168,
    "brier": 0.1166273123190897,
    "inv_brier": 8.574247368546722
  },
  "markov_switching": {
    "auc": 0.8943155609822276,
    "pr_auc": 0.6136802671787184,
    "brier": 0.10261628008797893,
    "inv_brier": 9.744947431296659
  }
}