,growth_INDPRO,growth_PAYEMS,growth_RSXFS,growth_HOUST,growth_PERMIT,growth_UMCSENT,growth_ICSA_neg,growth_CUMFNS,growth_DGORDER,growth_NEWORDER,liquidity_M2,liquidity_WALCL_3mdiff,liquidity_net_liquidity_level,liquidity_net_liquidity_3mdiff,liquidity_RRPONTSYD_neg,liquidity_WTREGEN_1mdiff_neg,liquidity_WLRRAL,risk_vix_term_struct,risk_VIXCLS_neg,risk_HY_OAS_neg,risk_NFCI_neg,risk_copper_gold_ratio,risk_DTWEXBGS_neg
1970-01-31,,,,,,,,,,,,,,,,,,,,,,,
1970-02-28,,,,,,,,,,,,,,,,,,,,,,,
1970-03-31,,,,,,,,,,,,,,,,,,,,,,,
1970-04-30,,,,,,,,,,,,,,,,,,,,,,,
1970-05-31,,,,,,,,,,,,,,,,,,,,,,,
1970-06-30,,,,,,,,,,,,,,,,,,,,,,,
1970-07-31,,,,,,,,,,,,,,,,,,,,,,,
1970-08-31,,,,,,,,,,,,,,,,,,,,,,,
1970-09-30,,,,,,,,,,,,,,,,,,,,,,,
1970-10-31,,,,,,,,,,,,,,,,,,,,,,,
1970-11-30,,,,,,,,,,,,,,,,,,,,,,,
1970-12-31,,,,,,,,,,,,,,,,,,,,,,,
1971-01-31,,,,,,,,,,,,,,,,,,,,,,,
1971-02-28,,,,,,,,,,,,,,,,,,,,,,,
1971-03-31,,,,,,,,,,,,,,,,,,,,,,,
1971-04-30,,,,,,,,,,,,,,,,,,,,,,,
1971-05-31,,,,,,,,,,,,,,,,,,,,,,,
1971-06-30,,,,,,,,,,,,,,,,,,,,,,,
1971-07-31,,,,,,,,,,,,,,,,,,,,,,,
1971-08-31,,,,,,,,,,,,,,,,,,,,,,,
1971-09-30,,,,,,,,,,,,,,,,,,,,,,,
1971-10-31,,,,,,,,,,,,,,,,,,,,,,,
1971-11-30,,,,,,,,,,,,,,,,,,,,,,,
1971-12-31,1.3741306387646062,,,-1.605763046311382,,,1.509249044808505,1.3097710070002042,,,0.6427657733438152,,,,,,,,,,0.09846771064981648,,
1972-01-31,1.6661311772135918,,,-0.48594377576201164,,,0.4048889636221838,1.5404292734691554,,,0.6197202229091096,,,,,,,,,,0.797021512684422,,
1972-02-29,1.7481856241198626,,,-0.4060439184478017,,,0.6841382547835781,1.5204585042954997,,,0.5012619517964021,,,,,,,,,,1.474677796571645,,
1972-03-31,1.7120884987275162,,,-1.4000249833189484,,,0.6245137924110933,1.5342167929828958,,,0.3038186126172949,,,,,,,,,,1.7563647883582292,,
1972-04-30,1.613629866025525,,,-1.7642118009639127,,,0.3208923636067148,1.4883720652159256,,,-0.08602385503774566,,,,,,,,,,1.8101406071213293,,
1972-05-31,1.3460263059352089,,,-1.8002900052401212,,,0.506067669937251,1.2611051602474057,,,-0.44684812391223866,,,,,,,,,,1.755445354479203,,
1972-06-30,1.2106361784082547,,,-1.470756367629456,,,-0.18048279341887383,1.1903511936007511,,,-0.48418572380053526,,,,,,,,,,1.3329593730880953,,
1972-07-31,1.1755284717174554,,,-1.5037220176872106,,,1.1716057574267056,1.074689899836419,,,-0.26146512224127083,,,,,,,,,,1.069370677565296,,
1972-08-31,1.5409518688036403,,,-1.2800622444464842,,,0.7391103945981193,1.4932601688142106,,,-0.027262641292930424,,,,,,,,,,1.2637196446365617,,
1972-09-30,1.2483892070385079,,,-0.6381305853391918,,,0.9930503496232623,1.1575301766644903,,,0.1291597750339374,,,,,,,,,,1.544174446070479,,
1972-10-31,1.2898860549589966,,,-0.8704864835167917,,,0.8626635319395963,1.0768261746911072,,,0.3040871786990074,,,,,,,,,,1.5152926646560396,,
1972-11-30,1.3774900252765603,,,-1.1380400986712966,,,0.6927906272953415,1.1835216872794587,,,0.29839642927149457,,,,,,,,,,1.5023590920022765,,
1972-12-31,1.2888470007231672,,,-1.4694182501775768,,,0.07345775120784635,1.1861835912387535,,,0.4742989583588697,,,,,,,,,,1.3511230223701076,,
1973-01-31,0.870386213786475,,,-1.5469101100895484,,,1.0656409171868393,0.7888956913037933,,,0.42971943016455716,,,,,,,,,,0.6948894008155589,,
1973-02-28,0.9325617401795314,,,-1.6142808997405482,,,0.5382923163551132,0.90070734558786,,,-0.07310382268329346,,,,,,,,,,-0.2376785402167592,,
1973-03-31,0.7590924504219617,,,-1.2658219845111243,,,0.6643297528059653,0.7607143057359053,,,-0.7834324793674625,,,,,,,,,,-0.7381240435196248,,
1973-04-30,0.4800512192033043,,,-1.5874449749780069,,,0.2427169416327657,0.4746579377360795,,,-0.857575669329736,,,,,,,,,,-0.6183393454770357,,
1973-05-31,0.622965984525692,,,-1.0895328705645932,,,0.23152752266558693,0.5485991780209145,,,-0.6787266202835531,,,,,,,,,,-0.4877848642254503,,
1973-06-30,0.5786324424982606,,,-1.4984889528533534,,,0.756516089491597,0.4547912127354677,,,-0.7201764054045059,,,,,,,,,,-0.711360299387715,,
1973-07-31,0.6763499313514099,,,-1.3147816805019716,,,-0.8274648238189499,0.5216098997549752,,,-1.3927211704127918,,,,,,,,,,-1.31479053700023,,
1973-08-31,0.29867631439210757,,,-1.596410258649096,,,-0.4433549810601643,0.16058534900611723,,,-1.9578770666560232,,,,,,,,,,-1.9870638774343476,,
1973-09-30,0.294159543993732,,,-1.9186805339424264,,,-0.6310366249105726,0.13543820215396585,,,-2.49804936823452,,,,,,,,,,-1.9669403104092773,,
1973-10-31,0.18641678414047705,,,-2.077427765770212,,,-0.7246113024105612,0.035666254302978796,,,-2.600669128921449,,,,,,,,,,-1.6294639871221048,,
1973-11-30,0.004248437926638032,,,-1.8029000879435533,,,-0.5969236231461343,-0.09434611886607439,,,-2.4048042709894966,,,,,,,,,,-1.3849083007400862,,
1973-12-31,-0.3439530446059249,,,-1.9243456245308017,,,-3.1100999397959814,-0.3788106325464785,,,-2.316283499310977,,,,,,,,,,-0.9451233662624174,,
1974-01-31,-0.6798184915337825,,,-1.9975347450144585,,,-2.865074993897736,-0.7184538957861865,,,-2.3340586078956864,,,,,,,,,,-0.010276253311668973,,
1974-02-28,-1.0832648347966125,,,-1.3001855935129525,,,-2.4532014282416204,-1.1244004267926506,,,-2.1301517997492265,,,,,,,,,,0.6899389982453666,,
1974-03-31,-1.0639860563847827,,,-1.6037065619134894,,,-2.803251980983797,-1.150308594081096,,,-1.7829171753188273,,,,,,,,,,0.2502309515024211,,
1974-04-30,-1.069816430389239,,,-1.1724010778137903,,,-1.274226975095677,-1.1664744581083337,,,-1.7766648757428138,,,,,,,,,,-1.1433993300113703,,
1974-05-31,-1.0164617104651732,,,-1.5885493203679086,,,-1.7497376499188255,-1.107453962638515,,,-1.9356150174892168,,,,,,,,,,-3.0220058668180467,,
1974-06-30,-1.0649156760730005,,,-1.204122986741495,,,-2.0210230768271646,-1.066232925511819,,,-1.9768542229081154,,,,,,,,,,-3.5770735516172536,,
1974-07-31,-1.0713554348410248,,,-1.5185966620794307,,,-1.4730045121003996,-1.1063576839169875,,,-1.86042184336164,,,,,,,,,,-3.3066186788924368,,
1974-08-31,-1.2589460644891204,,,-1.6515858561950696,,,-1.8835903116259856,-1.1941179911934638,,,-1.7593424802174786,,,,,,,,,,-2.570438227935893,,
1974-09-30,-1.4007359033279987,,,-1.4172598094471693,,,-2.1941750512912677,-1.2944169007290942,,,-1.5592458943288763,,,,,,,,,,-1.9548184609744277,,
1974-10-31,-1.59606752451596,,,-1.299353483690924,,,-3.1500272902152964,-1.5496181957484885,,,-1.431083678249884,,,,,,,,,,-1.3743041129037263,,
1974-11-30,-2.279716080973047,,,-1.3895846525016502,,,-3.613462625914645,-2.1216891634000534,,,-1.436551208473244,,,,,,,,,,-0.9422247104833601,,
1974-12-31,-2.702920129757708,,,-1.2192445242071088,,,-2.494075996711204,-2.6833297911153657,,,-1.5175259095685345,,,,,,,,,,-0.7152822934472264,,
1975-01-31,-2.602563626206231,,,-0.9738539521563065,,,-2.6494381481528535,-2.6260782753249488,,,-1.4755848226316515,,,,,,,,,,-0.1779305265005752,,
1975-02-28,-2.690099825283561,,,-1.5286170010874929,,,-2.33622745947981,-2.703408356743785,,,-1.322236555889018,,,,,,,,,,0.27724238661996875,,
1975-03-31,-2.6322708439564875,,,-1.1258323791358122,,,-1.80823584559743,-2.625165940619226,,,-1.1233698872966351,,,,,,,,,,0.6155322983672804,,
1975-04-30,-2.382663805862704,,,-1.1401139013735109,,,-1.9889432838247703,-2.3743119023772294,,,-0.8461912682259828,,,,,,,,,,0.8967482231863475,,
1975-05-31,-2.3726814876311537,,,-0.6405801785273361,,,-1.1590234783686324,-2.3157966468945506,,,-0.43577391900062695,,,,,,,,,,1.1578591682187045,,
1975-06-30,-2.1436180148633457,,,-0.8350584808948553,,,-0.7841839086505706,-2.0929403247533167,,,-0.004304993880742282,,,,,,,,,,1.2034678405501715,,
1975-07-31,-1.9450373665169525,,,-0.17679423007428752,,,-0.7910608322085736,-1.8396818301442794,,,0.2967179129046167,,,,,,,,,,1.1660357815992093,,
1975-08-31,-1.627689701596614,,,0.3533875827414446,,,-0.3647134329033539,-1.561120826965233,,,0.4793959817182589,,,,,,,,,,1.0788198496259214,,
1975-09-30,-1.4242422883194985,,,0.3369450073257593,,,-0.19065064017352212,-1.330030228292435,,,0.6285806117799047,,,,,,,,,,0.9622214298242467,,
1975-10-31,-1.301893058305766,,,0.8205696328018884,,,0.361676000297971,-1.164960593481912,,,0.6310356060505034,,,,,,,,,,0.8775669806767481,,
1975-11-30,-0.8384116186248709,,,1.022363293171538,,,0.9819979177052053,-0.7786380967093407,,,0.7405847472993097,,,,,,,,,,0.9320492179755911,,
1975-12-31,-0.15515422238252657,,,1.0945703479600175,,,1.2206049677721191,-0.025649718849957974,,,0.9278236068823977,,,,,,,,,,1.1017065198383613,,
1976-01-31,0.2282362890069578,,,0.9827407837587004,,,1.4261171919088644,0.3895801830867137,,,1.1186525252960706,,,,,,,,,,1.335093658145621,,
1976-02-29,0.7059474227200003,,,2.07692165153616,,,1.4065463010579844,0.9481954855954406,,,1.2709033522503996,,,,,,,,,,1.4210986436249193,,
1976-03-31,0.8959857167156343,,,1.2221725770168914,,,1.3239557085546358,1.1565427415978544,,,1.150621201401842,,,,,,,,,,1.4223330134710306,,
1976-04-30,0.9224406142972202,,,1.0723705638556322,,,1.139865032162421,1.196811232885574,,,1.1069651623521952,,,,,,,,,,1.3071650698622188,,
1976-05-31,1.022012724410576,,,0.7980044114012902,,,0.7502414326280756,1.2576378002189883,,,0.9781207397863431,,,,,,,,,,1.1788561412399847,,
1976-06-30,0.9277911162303014,,,1.0082173365420486,,,0.7505001971189469,1.1228841527585325,,,0.5696198547507909,,,,,,,,,,1.1527447537466,,
1976-07-31,0.8439351983840784,,,0.29403664566735416,,,0.7088434848036944,1.0016402199274066,,,0.39903035044559276,,,,,,,,,,1.2361935325469748,,
1976-08-31,0.7893905504415281,,,0.5580011631202786,,,0.6179788737467229,0.926479948066917,,,0.5144444818310417,,,,,,,,,,1.2731688527756133,,
1976-09-30,0.639600201525962,,,0.9491878793394042,,,0.41629588099810166,0.7218173227496617,,,0.6016727638349078,,,,,,,,,,1.2604282710218744,,
1976-10-31,0.5627903750684266,,,0.4839989260387786,,,0.3503455724901251,0.6171359707270367,,,0.8364077228923085,,,,,,,,,,1.2122436828998462,,
1976-11-30,0.7660739890674767,,,0.4630818629397478,,,0.3407078692244274,0.7575557479458901,,,0.9242839912002466,,,,,,,,,,1.175324482172295,,
1976-12-31,0.7149418018992473,,,0.948730197799064,,,0.7016650226339958,0.6910506168278,,,1.0205858798793859,,,,,,,,,,1.2227912436966994,,
1977-01-31,0.4021409713614254,,,0.16789789301829597,,,-0.27342991564656965,0.46298661324850016,,,1.0522056426443556,,,,,,,,,,1.2980979419632985,,
1977-02-28,0.4889316633552427,,,0.6239178593876972,,,0.1453940358715509,0.5054083934214224,,,0.9362702421945993,,,,,,,,,,1.3056652276794176,,
1977-03-31,0.6468722747633066,,,1.2014204541675941,,,0.34029172946991637,0.6511948472176463,,,0.9220714150268872,,,,,,,,,,1.2186968179424962,,
1977-04-30,0.7124180023660531,,,0.8888451663515258,,,0.18792124514451403,0.708546637859066,,,0.8753144346501867,,,,,,,,,,1.0609415136841973,,
1977-05-31,0.7618227014200037,,,0.8620139546601726,,,0.4139801118349342,0.7368433108721043,,,0.7590166531953922,,,,,,,,,,0.9566903924729604,,
1977-06-30,0.8595864253048603,,,0.5883588419107337,,,0.4251019900574518,0.8357305008058941,,,0.8330210560441955,,,,,,,,,,0.9221658118464666,,
1977-07-31,0.7809344408730141,,,1.21429840734754,,,0.4294822029232522,0.7166727876367321,,,0.7950443509882791,,,,,,,,,,0.9273847819698158,,
1977-08-31,0.6807998142308117,,,0.6820406978052859,,,0.4709441221395715,0.6912586741553545,,,0.6721097085566786,,,,,,,,,,0.897908870960329,,
1977-09-30,0.6851493919095656,,,0.13954220374538756,,,0.5551250818223394,0.6477024209371386,,,0.5294409937215055,,,,,,,,,,0.8119704798628324,,
1977-10-31,0.706212102743931,,,0.5212239770678008,,,0.7240870611181427,0.6797774735233602,,,0.2751778201075418,,,,,,,,,,0.7288438855095143,,
1977-11-30,0.48939835196469234,,,0.4880666471481072,,,0.4154211352786417,0.5211862892143895,,,0.07982017123340579,,,,,,,,,,0.684146422364923,,
1977-12-31,0.34425178975616644,,,0.30178515503768044,,,-0.07738374995748545,0.5159696920102592,,,-0.14652243274218732,,,,,,,,,,0.709287602844058,,
1978-01-31,0.21889302421670898,,,0.09870021751451248,,,0.6669141716777647,0.34960848921406035,,,-0.30190855848217296,,,,,,,,,,0.7285506840200052,,
1978-02-28,0.054964711124835565,,,-0.6500936597594041,,,0.1340791602607338,0.1425379361397854,,,-0.5352468389731401,,,,,,,,,,0.665945855458688,,
1978-03-31,0.15400611725952046,,,-0.35087709363874925,,,0.4038687247003912,0.17986987926190467,,,-0.6864325950984749,,,,,,,,,,0.4759156343397945,,
1978-04-30,0.32142148913483415,,,0.22910703122019052,,,0.6500681277927535,0.24528060110977726,,,-0.7951056412515225,,,,,,,,,,0.29097477003934497,,
1978-05-31,0.2677906840876245,,,-0.12983823125265537,,,0.7397547193293381,0.19138366242132923,,,-0.7904907004485703,,,,,,,,,,0.12150753266651408,,
1978-06-30,0.24548610382269348,,,0.006011349004003076,,,0.5080067294156196,0.1623590171100653,,,-0.8283323353540064,,,,,,,,,,0.02803782601549079,,
1978-07-31,0.20985639744874376,,,-0.25075931753741854,,,0.3611618396918018,0.14574053711472731,,,-0.9376912046765138,,,,,,,,,,0.0896119513910494,,
1978-08-31,0.2595325455321671,,,-0.34443878372746173,,,0.47603779318215145,0.13698335683367177,,,-0.9774752059004465,,,,,,,,,,0.15414233469977134,,
1978-09-30,0.23198770401946586,,,-0.26613744378064497,,,0.7213761395572337,0.18941160585786082,,,-0.9221366858156244,,,,,,,,,,-0.14908617252382622,,
1978-10-31,0.33117522456307624,,,-0.40208534353554,,,0.4891774769245983,0.2582630451679056,,,-0.9448434947360004,,,,,,,,,,-0.6770344505329071,,
1978-11-30,0.42718068802811826,,,-0.21160006514180418,,,0.12429664027814843,0.354107193811362,,,-0.9991134302177798,,,,,,,,,,-0.9874835077853491,,
1978-12-31,0.47833490008272683,,,-0.453640633227758,,,0.22617697709430457,0.29266081644163394,,,-1.0336595347970872,,,,,,,,,,-0.7545176727614632,,
1979-01-31,0.6353059990371888,,,-0.4695697541385353,,,0.3641176779847017,0.4149886798398448,,,-1.1475125707578782,,,,,,,,,,-0.30659033253673024,,
1979-02-28,0.6211546689936768,,,-0.7212336586323865,,,0.2667382133087182,0.3961505341071947,,,-1.13448526148495,,,,,,,,,,0.09194938903683884,,
1979-03-31,0.348024069814158,,,-0.5975867624432428,,,-0.08919716307547801,0.20369238102552112,,,-1.0443781478448264,,,,,,,,,,0.3484571129449869,,
1979-04-30,-0.19481963658752577,,,-0.9829807513988824,,,-0.18178198453724828,-0.28560104596595004,,,-0.8837148305523566,,,,,,,,,,0.3465156833078289,,
1979-05-31,-0.1209408114236172,,,-0.6006141842636483,,,-0.16586279149196712,-0.1420389598378591,,,-0.9516471729394623,,,,,,,,,,0.20084493549169313,,
1979-06-30,-0.22507437461736327,,,-0.5271181706499902,,,-0.23643944388421984,-0.227716101408314,,,-0.8296269310992763,,,,,,,,,,-0.095542184691457,,
1979-07-31,-0.2381582991463468,,,-0.8114583383026668,,,-0.2263118167022105,-0.1951980703889899,,,-0.6672978638361977,,,,,,,,,,-0.3500076413633151,,
1979-08-31,-0.41592423430382836,,,-0.6331289318115518,,,-0.4185080676824624,-0.4505059686923996,,,-0.6191508171472576,,,,,,,,,,-0.7569858776788865,,
1979-09-30,-0.4585836562491572,,,-0.49204482293036506,,,-0.6087356099507524,-0.49436279964874874,,,-0.7484299590121775,,,,,,,,,,-1.12921072850746,,
1979-10-31,-0.45990415296320974,,,-0.774298915774985,,,-0.7201838993110585,-0.5003502544285988,,,-0.7854060271343914,,,,,,,,,,-1.3550382447741223,,
1979-11-30,-0.6111763890582325,,,-1.1890147131288575,,,-0.34271593683542223,-0.6683571251191163,,,-0.8284675108659928,,,,,,,,,,-1.1859382410072292,,
1979-12-31,-0.6786152367917716,,,-1.1582391872449156,,,-0.49012424614728367,-0.7174792716898739,,,-0.8125586189767374,,,,,,,,,,-0.8554125306285774,,
1980-01-31,-0.4935167963691146,,,-0.8342483381404419,,,-0.5196693927778603,-0.5202411730504362,,,-0.7282071321795895,,,,,,,,,,-0.7704809606336187,,
1980-02-29,-0.5665389239336949,,,-0.5988786079876787,,,-0.4606934747135335,-0.5669183900703261,,,-0.5857918208353513,,,,,,,,,,-1.4523463986560616,,
1980-03-31,-0.6860084629551256,,,-1.7081529595895248,,,-0.921230575757514,-0.7494341544476198,,,-0.7309060978550921,,,,,,,,,,-2.2101824441459486,,
1980-04-30,-0.8140070232716086,,,-1.5625023326943486,,,-1.8100416288127577,-0.7809207875839979,,,-1.0649704956559691,,,,,,,,,,-2.2849326835256543,,
1980-05-31,-1.3562126675006647,,,-1.8967795208532932,,,-2.5969692793241865,-1.3916465116861452,,,-1.018398006941256,,,,,,,,,,-1.35667800760794,,
1980-06-30,-1.5446952192475731,,,-1.4249176717285617,,,-2.108678368263326,-1.5983957520430028,,,-0.9283187728450273,,,,,,,,,,-0.4639726254529799,,
1980-07-31,-1.6041263245328994,,,-1.0852018102309837,,,-1.231923692228482,-1.7081140609433254,,,-0.8289050793480067,,,,,,,,,,0.04248664900699007,,
1980-08-31,-1.4317826533023765,,,-0.7822981337372326,,,-0.6896558965065412,-1.4195771402654973,,,-0.7397347701164786,,,,,,,,,,0.004302394206321705,,
1980-09-30,-1.1579305380372358,,,-0.792900971644265,,,-0.34769753179310564,-1.1898850999310377,,,-0.6236436565052761,,,,,,,,,,-0.25161031560000674,,
1980-10-31,-1.061887805657541,,,-0.43569568256540697,,,0.11952133543436584,-1.0109059192501295,,,-0.5194527236267898,,,,,,,,,,-0.8245241571122987,,
1980-11-30,-0.7630428303825396,,,-0.14195005588375192,,,0.3070619305242641,-0.7147678880801828,,,-0.389490729560865,,,,,,,,,,-1.4754210803639907,,
1980-12-31,-0.661213946150189,,,-0.1465152149434992,,,0.5209861697385175,-0.6945649810210152,,,-0.5009998056822187,,,,,,,,,,-1.7774599359166638,,
1981-01-31,-0.8489999067631561,,,0.4240577164232807,,,0.22726621805646235,-0.8354526064738013,,,-0.5655557170976399,,,,,,,,,,-1.30091219371058,,
1981-02-28,-0.9159553887928988,,,-0.3808355365061889,,,0.2365487487346312,-0.8971150064329189,,,-0.5899296627022913,,,,,,,,,,-0.7531849735177477,,
1981-03-31,-0.7615513035952723,,,0.7529462342929915,,,0.7424011432145651,-0.7360623682817036,,,-0.2797019056275854,,,,,,,,,,-0.5250397756622964,,
1981-04-30,-0.49973464671200224,,,0.9101254364215053,,,1.0574343778783084,-0.3653897983646553,,,0.22372434970128002,,,,,,,,,,-0.7146585249004894,,
1981-05-31,0.020826731187460777,,,0.6801299733909271,,,1.4564523825286022,0.15155829815845437,,,0.06850554191392098,,,,,,,,,,-1.2832361790312703,,
1981-06-30,0.33572185839896196,,,-0.5721978310395939,,,1.2576900947950047,0.3148709113775699,,,-0.24283238426244366,,,,,,,,,,-1.7092333785813942,,
1981-07-31,0.5750964818139321,,,-0.7563319668496653,,,1.1729653203347523,0.49139861433413234,,,-0.39503863740517675,,,,,,,,,,-1.8279345214161415,,
1981-08-31,0.4940491076892142,,,-1.3286592749366477,,,0.5857212261648092,0.3723990200742967,,,-0.5160368477513759,,,,,,,,,,-1.618362577913066,,
1981-09-30,0.11659890560094532,,,-1.4358526489060317,,,0.024027294727546285,0.05545631831799725,,,-0.5588798679823088,,,,,,,,,,-1.3996199974877712,,
1981-10-31,-0.24178021715064782,,,-1.576269369934579,,,-0.5616999238394095,-0.3772740346777069,,,-0.4567474978206014,,,,,,,,,,-1.186865649369606,,
1981-11-30,-0.722226319346358,,,-1.6193958204873276,,,-0.9390627218498354,-0.8247340697992643,,,-0.3978290540178251,,,,,,,,,,-0.9482549996827726,,
1981-12-31,-1.0050855257919287,,,-1.3960813896713586,,,-1.116738460025891,-1.1136075716736413,,,-0.0312836080435564,,,,,,,,,,-0.7181515278575556,,
1982-01-31,-1.2314757163535541,,,-1.6128055402491657,,,-1.1002368227112624,-1.3905797137268656,,,0.14117617067397564,,,,,,,,,,-0.5925120434194054,,
1982-02-28,-0.8218195392046791,,,-1.0877729128055977,,,-0.48904340462546747,-0.8941309352594867,,,-0.07436957049116212,,,,,,,,,,-0.6616776123205287,,
1982-03-31,-1.0100564042728006,,,-1.0187050147525532,,,-1.0969228695014832,-1.0250241937296742,,,-0.25686273631956086,,,,,,,,,,-0.732556164670246,,
1982-04-30,-1.0818570749766945,,,-1.141493992863253,,,-0.9348157663868696,-1.1924389472154235,,,-0.42822943159343235,,,,,,,,,,-0.8411331133169613,,
1982-05-31,-1.2726381417263488,,,-0.36847474835140637,,,-1.139696686869526,-1.2620987924288416,,,-0.2826182324601789,,,,,,,,,,-1.072354105795262,,
1982-06-30,-1.3822536075374443,,,-0.4900577144581088,,,-0.7888063376769117,-1.1794191246940633,,,-0.18791488552840868,,,,,,,,,,-1.2969476414533716,,
1982-07-31,-1.520880115252471,,,0.39506496711583056,,,-1.387529771078712,-1.1967982295446518,,,-0.35696627330486275,,,,,,,,,,-1.3777706025781937,,
1982-08-31,-1.6242679375554967,,,0.36825915266276454,,,-1.1963502072686676,-1.2922734799545088,,,-0.3508991608948551,,,,,,,,,,-1.5734821369314322,,
1982-09-30,-1.5677417372066247,,,0.85953779926689,,,-0.9535479463529267,-1.233930806819805,,,-0.33877220812680375,,,,,,,,,,-1.578774353797971,,
1982-10-31,-1.576144194430563,,,1.1553930574770126,,,-0.5087636530355122,-1.2347092850125536,,,-0.4751248173358322,,,,,,,,,,-0.694476160956846,,
1982-11-30,-1.429661326643087,,,2.1383630119417365,,,-0.05336776932591441,-1.1035232895530838,,,-0.5084687867409852,,,,,,,,,,0.0408458713545939,,
1982-12-31,-1.3601000483525034,,,1.4128684034330548,,,0.7442661705774103,-0.8827163496347793,,,-0.47984914357531755,,,,,,,,,,0.4728607755708357,,
1983-01-31,-0.7329153867688469,,,2.852992461461397,,,0.7982923192779172,-0.14986944608918495,,,0.37543759093560275,,,,,,,,,,0.6815753287683869,,
1983-02-28,-1.1463403092948532,,,3.0108325814515364,,,0.6262091902497222,-0.5564303183978058,,,1.1215265044386467,,,,,,,,,,0.8025347988133852,,
1983-03-31,-0.9015926178989453,,,2.1998669311019885,,,0.8774913925794898,-0.2853996786448146,,,1.2226246180927585,,,,,,,,,,0.8383196581991547,,
1983-04-30,-0.5457140608430318,,,1.7916859665370066,,,0.8884181568303863,0.043235057753013305,,,1.0743722393418875,,,,,,,,,,0.9104455277206334,,
1983-05-31,-0.3350717135441426,,,2.1529344384609908,,,1.0957468423753958,0.27247974616459364,,,1.1011807669460811,,,,,,,,,,0.9738578859161126,,
1983-06-30,-0.18870343945189577,,,2.6667570916410757,,,1.1315666298975828,0.42939302651033634,,,1.0595918511025713,,,,,,,,,,0.9553402088094668,,
1983-07-31,0.11823839479298097,,,1.4570248190555226,,,1.3764430537259067,0.6887973348770389,,,1.1637340260095466,,,,,,,,,,0.8874509268820574,,
1983-08-31,0.4803695723637904,,,2.3067192017848406,,,1.4576276770780296,0.9885920943129711,,,1.0196394102982593,,,,,,,,,,0.8800874161394262,,
1983-09-30,0.7767876953790995,,,1.3003589295476976,,,1.5735955908941264,1.3180602604509857,,,0.8914479582426509,,,,,,,,,,0.8735569491331542,,
1983-10-31,1.0830495594786829,,,1.1929037257897073,,,1.5077712066257303,1.6932766452531314,,,0.9577250022487442,,,,,,,,,,0.802863293626414,,
1983-11-30,1.2143630475839593,,,0.7076552596753772,,,1.4376126225366703,1.849105322583892,,,0.8960859247068671,,,,,,,,,,0.7334796408652687,,
1983-12-31,1.4239903331260555,,,0.6877659824719017,,,1.0500065977432833,1.9122281182343162,,,0.6018157008131383,,,,,,,,,,0.7588786230407549,,
1984-01-31,1.4338815031274292,,,0.3880283266945458,,,1.1688098251819614,1.7914665926819946,,,-0.3292021603945526,,,,,,,,,,0.867516362030619,,
1984-02-29,1.6135402621984736,,,0.7876060808863508,,,1.195828243311605,1.9431460610160185,,,-0.750613934494471,,,,,,,,,,0.9344898929414052,,
1984-03-31,1.5318033861193845,,,-0.10017626659290743,,,1.2007744453619293,1.8181088082011225,,,-0.8049365552466149,,,,,,,,,,0.8099956792131114,,
1984-04-30,1.3959645328657986,,,0.5685219045289521,,,1.0010761274743678,1.6514188021035223,,,-0.7601254904247334,,,,,,,,,,0.5070537802386196,,
1984-05-31,1.3724877895991463,,,-0.2142041054794334,,,0.945959854619954,1.47529276848926,,,-0.8212747019448977,,,,,,,,,,0.13288172075892724,,
1984-06-30,1.316752681853876,,,-0.01785870649365608,,,0.8224465963534389,1.3809197241513578,,,-0.8213829431649732,,,,,,,,,,-0.10663672546538297,,
1984-07-31,1.0929850974430877,,,-0.3008245641559814,,,0.6458788017924816,1.1787266076124574,,,-0.8917269053755632,,,,,,,,,,0.04203039113511043,,
1984-08-31,0.8971668795232866,,,-0.7251829127240347,,,0.4303785035049122,1.0325545080641865,,,-0.9457413368723719,,,,,,,,,,0.3645313981473342,,
1984-09-30,0.5893033523906199,,,-0.22668318919539868,,,0.2944622125743188,0.6537362534095739,,,-0.8602287940429546,,,,,,,,,,0.549982274559447,,
1984-10-31,0.45348043117302245,,,-0.4273732644668012,,,-0.0017876495080534356,0.5524949055293378,,,-0.9087976140893489,,,,,,,,,,0.7086727118226482,,
1984-11-30,0.43310209207271716,,,-0.36732784098294385,,,-0.09141924189426347,0.48113161610524735,,,-0.7417533029240273,,,,,,,,,,0.870696877176822,,
1984-12-31,0.3507476459867841,,,-0.33917858031406295,,,0.11383852070390825,0.44354126167240315,,,-0.48974785012672206,,,,,,,,,,0.9874803411590524,,
1985-01-31,0.008719656338936779,,,-0.5013723694848946,,,0.14074124253875547,0.12137342075249188,,,-0.29513992104914055,,,,,,,,,,1.0607639764350552,,
1985-02-28,-0.019084984203320374,,,-1.0523840957663255,,,-0.299561694361716,-0.12396171834517718,,,-0.29642503713232116,,,,,,,,,,1.0261038139613359,,
1985-03-31,-0.07631151951497411,,,0.06411905242647606,,,-0.2809075456447652,-0.09750904606917446,,,-0.417893586204783,,,,,,,,,,0.9616012379346456,,
1985-04-30,-0.2128488959734125,,,-0.2416328044741827,,,0.08012807528264285,-0.23966680398922932,,,-0.5816595114677612,,,,,,,,,,1.0042774872289044,,
1985-05-31,-0.27901309458147366,,,-0.35513562181825464,,,-0.2344546758038585,-0.2692932673301449,,,-0.5669959990289879,,,,,,,,,,1.0907471640889324,,
1985-06-30,-0.3479835565400704,,,-0.4710725490090823,,,-0.10913502455897227,-0.33940533044939986,,,-0.35518999695205855,,,,,,,,,,1.0691565780601648,,
1985-07-31,-0.47285587926378203,,,-0.2732065489533119,,,0.15659196679593,-0.4515083178852816,,,-0.2086354354645249,,,,,,,,,,0.9718579623651779,,
1985-08-31,-0.43756503592122065,,,0.12438682474877029,,,0.05998720185788304,-0.40589037947084505,,,-0.07740597471277356,,,,,,,,,,0.8407830349670103,,
1985-09-30,-0.32901364376387954,,,-0.22753348607449694,,,0.21255086518486024,-0.3369944974649421,,,-0.1321861252440506,,,,,,,,,,0.8345164673832782,,
1985-10-31,-0.37893679859349866,,,0.2971269454722998,,,0.2440742700672188,-0.4318391361009148,,,-0.21136089198319688,,,,,,,,,,0.9246777734224214,,
1985-11-30,-0.3752086766931866,,,-0.1714115581008032,,,0.48450785038199495,-0.3485881874096908,,,-0.48397889655412074,,,,,,,,,,0.9643446841300827,,
1985-12-31,-0.2156468095178807,,,0.46008906906903435,,,0.07799880597758595,-0.31141281941254767,,,-0.7173393695523889,,,,,,,,,,0.9125048700951914,,
1986-01-31,-0.11664009705152531,,,0.29319669941961196,,,0.41661648788772887,-0.07777815827891356,,,-1.040826152906829,,,,,,,,,,0.9034466657152802,,
1986-02-28,-0.28564598840985084,,,0.22813096627219834,,,0.18029564364050554,-0.06945997181008454,,,-1.2569330329032788,,,,,,,,,,0.9286327648133669,,
1986-03-31,-0.4334452771554462,,,-0.05998896478179744,,,0.0861351775849727,-0.2090551053186214,,,-1.1194566089678364,,,,,,,,,,0.9513774335195592,,
1986-04-30,-0.3700890322604592,,,0.0018506735919522669,,,0.13285862838950963,-0.0385809877278575,,,-0.8505570812643208,,,,,,,,,,1.0102637432359491,,
1986-05-31,-0.3685583759580913,,,0.13676558138766937,,,0.39057339909400046,-0.021275141582272672,,,-0.6384274230159466,,,,,,,,,,1.044790075682377,,
1986-06-30,-0.4286770925959945,,,0.13143152665758437,,,0.35528925454558574,-0.06509218630166598,,,-0.7197605395307842,,,,,,,,,,1.015217440985041,,
1986-07-31,-0.23201135123134864,,,-0.010269633386781543,,,0.17638571110989737,0.10745444195060315,,,-0.658551416886987,,,,,,,,,,1.04529082407153,,
1986-08-31,-0.31679901705319224,,,-0.0796841869375871,,,0.2475081943749318,0.08815767071181409,,,-0.5828680630564635,,,,,,,,,,1.1105582853767602,,
1986-09-30,-0.3303321948220744,,,-0.17722568844566283,,,0.26700785770274055,0.13894117731424255,,,-0.44472139069598754,,,,,,,,,,1.0773884468205477,,
1986-10-31,-0.2000630342883289,,,-0.46899533419224515,,,0.5961452421140117,0.2279952120854414,,,-0.32248739337028104,,,,,,,,,,1.0631431908732938,,
1986-11-30,-0.1909180187378481,,,-0.33980377205141654,,,0.42431215063380934,0.17497313069113635,,,-0.26589550338533624,,,,,,,,,,1.0631475068051996,,
1986-12-31,-0.19296075131417587,,,-0.37782320726910507,,,0.5951427893029915,0.2697446771841329,,,-0.07416913393819193,,,,,,,,,,1.0276840036144124,,
1987-01-31,-0.35177552200997136,,,-0.5213707068544146,,,-0.1131946139036751,0.00599261494957574,,,0.011077227501555851,,,,,,,,,,1.0044685745787854,,
1987-02-28,0.008126518173355893,,,-0.3043112186960655,,,0.566715644677888,0.3080430140495757,,,-0.13025994262257065,,,,,,,,,,0.9615300055734334,,
1987-03-31,0.16394288605966484,,,-0.452251708604028,,,0.8206135230301688,0.34857196244120997,,,-0.4006001392312843,,,,,,,,,,0.7617389565369436,,
1987-04-30,0.25275997328063526,,,-0.730253654592106,,,0.7591996136250869,0.32711565036901546,,,-0.6164346243589562,,,,,,,,,,0.39894722773447194,,
1987-05-31,0.340993924209868,,,-0.5856843168675498,,,0.6258415447658454,0.39033642497227633,,,-1.0149628158670247,,,,,,,,,,0.16367825173430187,,
1987-06-30,0.5110293613557336,,,-0.6333684637059049,,,0.6061219910590789,0.4936304101434134,,,-1.338552113529333,,,,,,,,,,0.31099374699287646,,
1987-07-31,0.5147356254086356,,,-0.5624709550913238,,,0.5432123241247597,0.4947293015019212,,,-1.6305273481239184,,,,,,,,,,0.5901924288955659,,
1987-08-31,0.6886331205356692,,,-0.5461641710326111,,,0.8846145369811487,0.523058636702587,,,-1.8043986557067895,,,,,,,,,,0.5964717760673184,,
1987-09-30,0.7122550782377357,,,-0.1579820157330994,,,0.8363142099510602,0.5812299277569225,,,-1.9595905842241084,,,,,,,,,,0.2539235412736729,,
1987-10-31,0.8803438293843606,,,-0.5016646410049003,,,0.9588358700560642,0.7459978045207545,,,-2.0172621702071813,,,,,,,,,,-0.20876011634041552,,
1987-11-30,0.8930671545104503,,,-0.10341853863875303,,,0.7493034752260957,0.7734907125575013,,,-2.1504945887447247,,,,,,,,,,-0.2135302095400251,,
1987-12-31,0.8157155665104243,,,-0.9584288982709185,,,0.44747570680054727,0.7296998965490562,,,-2.421376857210726,,,,,,,,,,-0.003279131475442474,,
1988-01-31,0.8753761028325627,,,-1.11087389164713,,,0.41469133002923403,0.7674265799713214,,,-2.3161422848376936,,,,,,,,,,0.3538933691666975,,
1988-02-29,0.717193626381179,,,-0.7423174062962583,,,0.44233145327377543,0.5973913103408435,,,-2.0040980201096654,,,,,,,,,,0.5275017899015677,,
1988-03-31,0.7339593387328223,,,-0.5330365587148849,,,0.3812932563075019,0.6636974394205813,,,-1.7817932588791798,,,,,,,,,,0.5274036898757188,,
1988-04-30,0.7212037271262971,,,-0.24025301214004643,,,0.2980132639312185,0.7521027053324443,,,-1.6884427695339916,,,,,,,,,,0.4370663599516874,,
1988-05-31,0.5602520727719944,,,-0.5808849833785047,,,0.2750532549717605,0.6270496784182176,,,-1.5332989469334273,,,,,,,,,,0.4296916365634673,,
1988-06-30,0.5154447172081483,,,-0.3964594912794359,,,0.34424869124480467,0.6346948348186845,,,-1.370475079232755,,,,,,,,,,0.3923764442009129,,
1988-07-31,0.38796949967219574,,,-0.38123034123011346,,,0.03918669278756286,0.5299553917827496,,,-1.3024338466853291,,,,,,,,,,0.29427704180478415,,
1988-08-31,0.3401182675598192,,,-0.38428742382521075,,,0.20454514937864438,0.4986419318840451,,,-1.3641548492842859,,,,,,,,,,0.31745428941909404,,
1988-09-30,0.20607664543438003,,,-0.5521358318169022,,,0.3139400197765577,0.4617756299789083,,,-1.4539994932831253,,,,,,,,,,0.4279933008056288,,
1988-10-31,0.038041663503001324,,,-0.12921425807051343,,,0.05332467368229878,0.31682078494222815,,,-1.5511165405015424,,,,,,,,,,0.4794763338705175,,
1988-11-30,-0.007856762942567298,,,-0.3230328494273363,,,0.20760406137935922,0.3003715228719989,,,-1.3927164274666712,,,,,,,,,,0.5021546129746662,,
1988-12-31,-0.02791635032431301,,,0.252965247166402,,,0.26524645816302767,0.274532890095179,,,-1.382302288313051,,,,,,,,,,0.5115803122900716,,
1989-01-31,0.03113255838922044,,,0.7935831107654786,,,0.6479555481346418,0.44292619843979986,,,-1.627593751509221,,,,,,,,,,0.4735120290573449,,
1989-02-28,-0.14587699736016263,,,-0.25994149975489383,,,0.3453583932394924,0.21287183871077411,,,-1.930342894477125,,,,,,,,,,0.29973866318002534,,
1989-03-31,-0.14492465399411583,,,-0.39342754760516674,,,-0.07729592630602326,0.13122616616800073,,,-2.0887933354420367,,,,,,,,,,0.05796095083493975,,
1989-04-30,-0.2555081886847826,,,-0.6558035817156531,,,0.13926338538110866,-0.014607464211042628,,,-2.2494903250510263,,,,,,,,,,0.13392847415743928,,
1989-05-31,-0.323533822295778,,,-0.3608861695617821,,,-0.03510971811765584,-0.12863870737975386,,,-2.3478279035637186,,,,,,,,,,0.336418785841322,,
1989-06-30,-0.37805309353397265,,,-0.3306387462837046,,,-0.27929484431165613,-0.17353787816070235,,,-2.26987642394108,,,,,,,,,,0.4198062042189875,,
1989-07-31,-0.5592710940865032,,,-0.23493219689302303,,,0.045155302667485284,-0.39299078325864556,,,-2.0485059817086513,,,,,,,,,,0.4573337144785,,
1989-08-31,-0.4698304906602809,,,-0.5124778964666202,,,-0.09534902884338753,-0.29847939879235946,,,-1.8153478470087394,,,,,,,,,,0.4324086491479385,,
1989-09-30,-0.4687324477348236,,,-0.6316444314335211,,,-0.4830116843714276,-0.42168005733018704,,,-1.6384246680533123,,,,,,,,,,0.31807958249721446,,
1989-10-31,-0.5722583622293905,,,-0.3903985571108509,,,-0.682829866232239,-0.5634428000147622,,,-1.4680930249249569,,,,,,,,,,0.3799741430735265,,
1989-11-30,-0.5528497541675971,,,-0.6159357918578123,,,-0.44381723224408026,-0.6135821638336736,,,-1.4146292946610302,,,,,,,,,,0.5378789714698357,,
1989-12-31,-0.5336268090042618,,,-0.8243025046741657,,,-0.5758303500149531,-0.7138213633596776,,,-1.274234104208632,,,,,,,,,,0.596780707920097,,
1990-01-31,-0.6806583672600655,,,-0.2781801709733262,,,-0.542068154261916,-0.8654026666774716,,,-1.1380646077833334,,,,,,,,,,0.5639712989116177,,
1990-02-28,-0.4277327377991245,,,-0.09766121667880341,,,-0.5293907255206474,-0.5062786616186873,,,-0.9879638387534825,,,,,,,,,,0.5727242518357568,,
1990-03-31,-0.38015018525490846,,,-0.45346631414595345,,,-0.2031558467363898,-0.4197287541569865,,,-0.9481218635574308,,,,,,,,,,0.550318951827792,,
1990-04-30,-0.4258297877481488,,,-0.36289401772380436,,,-0.5302803618019014,-0.5265680103810273,,,-0.8859828851701025,,,,,,,,,,0.5223793857789064,,
1990-05-31,-0.25922116469307116,,,-0.4371396616259766,,,-0.28015428061705117,-0.3491038942279477,,,-0.9670083127049631,,,,,,,,,,0.6138742336236944,,
1990-06-30,-0.19248691414068667,,,-0.6746814861384263,,,-0.1691789606437416,-0.31816698620536327,,,-1.0138954224124148,,,,,,,,,,0.7322874066852593,,
1990-07-31,-0.0390393974239107,,,-0.7494284761106115,,,-0.24080963288301926,-0.15072409286696206,,,-1.1909440864861192,,,,,,,,,,0.663325735315584,,
1990-08-31,-0.15996447801668617,,,-0.6891146165149787,,,-0.6071706626444888,-0.240025819864528,,,-1.2526873850360096,,,,,,,,,,0.4554979622979884,,
1990-09-30,-0.0974741211245208,,,-0.5787797367701432,,,-0.5155081658764796,-0.22232512762988313,,,-1.3219463630607675,,,,,,,,,,0.2971319996918424,,
1990-10-31,-0.18458261307638957,,,-1.099607413270621,,,-0.8289866405688069,-0.26609497929895376,,,-1.5234054713258227,,,,,,,,,,0.23503587770118753,,
1990-11-30,-0.49440420243964794,,,-0.6438890696524635,,,-1.2565738056804323,-0.489104760157575,,,-1.7051576400053587,,,,,,,,,,0.222370601584865,,
1990-12-31,-0.7358166222265039,,,-0.8986558010790358,,,-0.9204931032268777,-0.6041872373782089,,,-1.813304541454224,,,,,,,,-0.6491617821321078,,0.1813083725836555,,
1991-01-31,-0.699439316201422,,,-1.8033831646764467,,,-1.1997587294826366,-0.674892514881391,,,-1.7854411165092658,,,,,,,,0.4403505528093056,,0.28418872503625764,,
1991-02-28,-1.0044339610982569,,,-1.2433992584532403,,,-1.5367856785815674,-0.985242053536539,,,-1.7265032231195876,,,,,,,,0.35869512634542555,,0.5196554126655738,,
1991-03-31,-1.1974451540772517,,,-1.0872309475190376,,,-1.5910992073254238,-1.1620401244429115,,,-1.6454593833881885,,,,,,,,1.1929403511908772,,0.721864049649379,,
1991-04-30,-1.0953694314855413,,,-0.7765234462644438,,,-0.910982422517948,-0.9909754984859201,,,-1.6492013225912892,,,,,,,,0.8534606961767693,,0.7904493894381927,,
1991-05-31,-0.9738930197637359,,,-0.7049933849827907,,,-0.7538048132247864,-0.9132804117994673,,,-1.5093321409509692,,,,,,,,1.2427017844476398,,0.7886476699475586,,
1991-06-30,-0.8832204194803448,,,-0.4977857743963142,,,-0.41048632226827236,-0.7884193914167551,,,-1.5513706470582729,,,,,,,,0.4661680595791651,,0.8129507780444479,,
1991-07-31,-0.7952853558663062,,,-0.3995202207619323,,,-0.4014919240203745,-0.6389884436807203,,,-1.6170493153861656,,,,,,,,1.3009623636405587,,0.929225345486925,,
1991-08-31,-0.8579920516974174,,,-0.28207164996132517,,,-0.12980286010928538,-0.6618075904745666,,,-1.8116572734406002,,,,,,,,1.3445496653688607,,1.0283483038810686,,
1991-09-30,-0.7084240161141953,,,-0.3747278184867509,,,-0.14158353601027604,-0.45558777478868945,,,-1.9348851180120534,,,,,,,,1.0077396269341554,,1.040382879705929,,
1991-10-31,-0.6059090349264857,,,0.1562476911937139,,,0.34223536884237926,-0.3516586121761733,,,-1.9129528330388355,,,,,,,,1.0311634585765643,,1.0523286297862484,,
1991-11-30,-0.3901132356587174,,,-0.20175389983987696,,,0.34278211656945845,-0.1826713530168542,,,-1.8745291417406338,,,,,,,,0.055859798654420395,,1.0869484339869613,,
1991-12-31,-0.34118579691987705,,,0.3327013099806015,,,0.3003943004922869,-0.09652486841756595,,,-1.8866953975312422,,,,,,,,0.24853727643166518,,1.1106917607216007,,
1992-01-31,-0.3788725458125865,,,1.60679182483708,,,0.367676035524638,-0.1014610990873782,,,-1.9453500569659168,,,,,,,,0.6369194056046155,,1.1001153402161654,,
1992-02-29,-0.0965687259497589,,,0.9684884545064587,,,0.6286410688198969,0.15771076745285723,,,-1.9117775824433105,,,,,,,,0.7678075795884106,,1.09371574797853,,
1992-03-31,0.18603179386572868,,,1.3625981398603628,,,0.8212488479030731,0.4546668702248687,,,-2.034445624677648,,,,,,,,0.8482730129898955,,1.1117379407918344,,
1992-04-30,0.28431626251319586,,,0.25954397997105155,,,0.5108946350239156,0.4431451525456843,,,-2.161916328221847,,,,,,,,0.9558558391365639,,1.1701300282609832,,
1992-05-31,0.16171224394523234,,,0.6881099446465718,,,0.4690196011827379,0.4048966689148144,,,-2.254397311633499,,,,,,,,1.2601462192017834,,1.244072134308269,,
1992-06-30,0.010527145928047618,,,0.28257562691117966,,,0.15480946692731734,0.26505926909454913,,,-2.3651286817842356,,,,,,,,1.3064114696406,,1.2823814933853412,,
1992-07-31,0.13778602702390325,,,0.1619187472700413,,,-1.1812803172768584,0.3011742020905856,,,-2.37105137046122,,,,,,,,1.2854132549406836,,1.2944056259991732,,
1992-08-31,0.025411085187580538,,,0.5083853500299333,,,0.3412654303201198,0.16289203645966152,,,-2.2845213895981717,,,,,,,,1.1543641054664757,,1.2555349443439034,,
1992-09-30,-0.06666975509000035,,,0.5062371360619933,,,0.43865436909951677,-0.0052968591757205676,,,-2.1487530438976665,,,,,,,,0.9776582373053198,,1.1736309431395184,,
1992-10-31,0.07922260643457826,,,0.44942924550746216,,,0.7354878833321872,0.0816391562819728,,,-2.049295979944083,,,,,,,,0.575089904198932,,1.0699849378603383,,
1992-11-30,0.18751185524796332,,,0.2611152859276953,,,1.1193407696015412,0.1739545045947042,,,-2.0551887326640084,,,,,,,,1.194648712770477,,1.1083565406184734,,
1992-12-31,0.32069137265036873,,,0.39169076477766485,,,1.3506616227377166,0.21250622707783431,,,-2.114237354357133,,,,,,,,1.240447714048602,,1.2212217539624732,,
1993-01-31,0.5065552685943406,,,0.001570826855941735,,,1.0957579315717954,0.48216285471750875,,,-2.226508421579123,,,,,,,,1.2275421474766948,,1.2781571813461134,,
1993-02-28,0.45935260813530016,,,-0.21792845406630912,,,0.9113869055177789,0.380346808748147,,,-2.412710232864743,,,,,,,,1.0447849913532241,,1.2710449196643234,,
1993-03-31,0.2658923978525152,,,-0.697046413043436,,,0.6801106281407338,0.17148782099506216,,,-2.441485354595758,,,,,,,,1.1393102428336292,,1.2792578992655208,,
1993-04-30,0.16674726595261757,,,0.42322917204299354,,,0.8653506427489316,0.17406855653537853,,,-2.3768602993959567,,,,,,,,1.1282590928803748,,1.2881858727364928,,
1993-05-31,0.022258003459224688,,,0.03593674329862182,,,0.7661420416622448,0.06678482531674339,,,-2.1151941978505673,,,,,,,,0.8935661696085907,,1.2714455808669922,,
1993-06-30,0.057654968907317375,,,0.32595244247536637,,,0.9253076504305187,0.009747956869119492,,,-2.0002566656806753,,,,,,,,1.3018462208471138,,1.2956368133717753,,
1993-07-31,-0.07412535781445714,,,0.2637936906673567,,,1.644777372231473,-0.09349742952310332,,,-1.9898118186885319,,,,,,,,1.1725761574318803,,1.3466265355314126,,
1993-08-31,0.015627612757410033,,,0.11555419865783609,,,0.8463465734595012,-0.0250068173048367,,,-1.9827455568874979,,,,,,,,1.1185076114669363,,1.3388876970997932,,
1993-09-30,0.05649676836464182,,,0.37777314137507517,,,0.7922661253084272,0.09047505465263633,,,-2.00900804076328,,,,,,,,0.8716737510365424,,1.299482280175188,,
1993-10-31,0.06819311464205031,,,0.3280720110627516,,,0.3220644230653712,0.14731959558998312,,,-2.0681122326440833,,,,,,,,1.149965978232472,,1.2264092799990958,,
1993-11-30,0.08399752790950127,,,0.3803019629884098,,,0.1789636629763937,0.1734707297382247,,,-1.9588330588432652,,,,,,,,0.6772793633885964,,1.1986057362016656,,
1993-12-31,0.17101975524926005,,,0.8033551604838558,,,0.4314909197871504,0.2935569256829071,,,-1.8896980096414713,,,,,,,,1.076496403724715,,1.246480519323605,,
1994-01-31,0.15081800127318964,,,0.07565229294032083,,,-0.6667296028645873,0.12861600562526676,2.03238336967238,,-1.8233816234254763,,,,,,,,1.2500029008109736,,1.2470875699303563,,
1994-02-28,0.0630569217533967,,,0.2727276082558333,,,0.5285927612895496,0.08992163392388194,0.04098906517706926,,-1.7635973560915787,,,,,,,,0.39583047002464306,,1.1677210380758072,,
1994-03-31,0.2925513832977378,,,1.5134461449211507,,,0.623993074654417,0.3472765447499049,0.38556390229528875,,-1.6902813065843891,,,,,,,,-0.7210734881795532,,1.0605719132363045,,
1994-04-30,0.35828720833680217,,,0.48461722650200767,,,0.19848898446823632,0.3985400725687289,1.014216853237914,,-1.6653328278990585,,,,,,,,0.6270399407328875,,1.0018414703137062,-0.7882620620082714,
1994-05-31,0.5348267590743502,,,0.6543534195032058,,,0.13924728322868676,0.4977724551855649,1.5498662024203722,,-1.7907944918898746,,,,,,,,0.7665343931472327,,0.999069227380446,0.03093781505913914,
1994-06-30,0.6289229856992743,,,0.247348681648323,,,0.11500843974550663,0.5430876822163063,1.1096934208643936,,-1.915151721745696,,,,,,,,0.36480745577710394,,0.9907762069167776,0.558212387044897,
1994-07-31,0.5982653386948023,,,0.4190167195848992,,,0.4058837023416474,0.5341054769685745,1.4441502422867558,,-1.8256215738110524,,,,,,,,1.1344991762282521,,1.0301465619553174,0.6785342814228356,
1994-08-31,0.7658965556685073,,,0.29962930572780516,,,0.07653147801109324,0.7068865323849265,1.2383868295774032,,-1.862231059900856,,,,,,,,0.9449269912886372,,1.0549579479897842,0.6347014939758879,
1994-09-30,0.7175235541369465,,,0.23314252722264459,,,0.3435193714725958,0.6132373267518156,1.4991229988296542,,-1.8972344374136783,,,,,,,,0.46326802530704114,,0.9606512039593539,0.8350216413669369,
1994-10-31,0.7308799656430734,,,0.025881775683161405,,,0.3277719638787124,0.598025455506517,0.9533007953377058,,-1.932606853653489,,,,,,,,0.40105451467917114,,0.8836013065083561,0.818068743056988,
1994-11-30,0.7774962826562622,,,0.23513822707085227,,,0.22258311051882226,0.633245839264436,1.5013645438351853,,-2.0004363286528255,,,,,,,,0.10909667905862058,,0.8037760737647087,1.5225341482434658,
1994-12-31,0.8674766285997324,,,-0.31867032049610694,,,-0.2940399117127064,0.692632948117013,1.2170755722509834,,-2.024074236800472,,,,,,,,0.6814182341722248,,0.7234975620962522,1.899712993350509,
1995-01-31,0.8394388841630646,,,0.26602121579247934,,,0.9668334643815929,0.678741451353669,-0.06848705043906267,,-1.9627528357923125,,,,,,,,0.9299351889953593,,0.8012383100999588,1.7984633114032893,
1995-02-28,0.7999271535577912,,,-0.18846868777007866,,,0.006001270110194112,0.5819567473986061,0.7518855114733749,,-1.9720634992380768,,,,,,,,0.9593273047230846,,0.8921511826321057,1.350836438824623,
1995-03-31,0.6145531193859414,,,-0.8801533890068032,,,-0.00880077048058875,0.362504454500816,0.6790603624509669,,-1.9804036241253877,,,,,,,,0.6084526827996587,,0.9029400072099313,1.3795823337347237,
1995-04-30,0.4496147998213936,,,-0.6308074863773292,,,-0.13456349024188652,0.11408051591442847,-0.30480603114740645,,-1.9109594415380309,,,,,,,,0.9402652296918074,,0.9272173028321878,1.1153834814342134,
1995-05-31,0.45529567850686126,,,-0.6433751300787813,,,-0.19173598065421485,0.06041907380242221,-0.47399616451176935,,-1.7780525281980777,,,,,,,,0.6971020402760654,,0.9553414356324887,0.7872603781362845,
1995-06-30,0.3811697073294968,,,-0.4621978683644339,,,-0.08679848862262173,0.0726483328088423,-1.3355507333690735,,-1.4892526267424246,,,,,,,,0.9971250728849463,,0.9211708096532656,1.3398303765539716,
1995-07-31,0.26260563332540027,,,-0.06373324145194638,,,-0.1177391109420883,-0.14282140357895987,-1.4389549451721033,,-1.4076196365199045,,,,,,,,0.5391606533820459,,0.9254617927139314,1.4190339914362164,
1995-08-31,0.40090722102866955,,,-0.20900487916897864,,,-0.09877894336217245,-0.10854640912127096,-0.6678485070820306,,-1.2158315788020673,,,,,,,,0.9505642101439618,,0.9472730517381629,1.3118716613939772,
1995-09-30,0.41914023854858035,,,-0.38820926764754754,,,-0.265740271119464,-0.040344284731851726,0.3679933994498197,,-1.113654792183065,,,,,,,,0.6799282875783871,,0.9322943929778224,0.9713052249514235,
1995-10-31,0.20883440932639152,,,-0.32962166128301856,,,-0.4628117912983593,-0.26108781079880833,-1.1083000204392919,,-1.008619843258839,,,,,,,,0.4399441935846814,,0.9421334779074089,0.7156797139381205,
1995-11-30,0.11929750732109422,,,-0.26563671253627674,,,-0.5169634393435388,-0.41939458184692946,-1.0476769771466237,,-0.9784600158070391,,,,,,,,0.9182886672479065,,0.9710607162713802,1.1286286664858096,
1995-12-31,-0.02332796250043205,,,-0.18001596018593088,,,-0.40308968485283475,-0.5862340346375498,-0.30492703980481284,,-0.8952765113409072,,,,,,,,0.7057357653612775,,0.9607444130187185,0.8597039526396933,
1996-01-31,-0.18056245592690132,,,0.04398632109104007,,,-0.6955453278471282,-0.7623818754686258,-1.143059041960308,,-0.799441271760626,,,,,,,,0.6963877303740997,,0.9967550362136114,0.11793816937544914,
1996-02-29,0.15261655978193703,,,0.38609875946248934,,,-0.23406955514551242,-0.481953913762929,-2.292172182237015,,-0.6704322705105291,,,,,,,,-0.2926550470766618,,1.0149964117878196,-0.14521079903702996,
1996-03-31,0.09052839955338153,,,0.4124136020616542,,,-0.6486032770353701,-0.5993802926812328,0.0028346711655326553,,-0.48538748584690283,,,,,,,,-0.6926950087433611,,0.9310561167449457,-0.13859987610858293,
1996-04-30,0.3410403666676626,,,0.6256893485266236,,,0.39369435130004893,-0.3418201986282266,-0.9856445175349554,,-0.46713180721688646,,,,,,,,-0.01566991645785155,,0.9010664448349549,0.018082802787789443,
1996-05-31,0.39575940562280565,,,0.4270197824239997,,,0.4894987893212296,-0.2936500326661701,-0.0353151053426945,,-0.5771818792302997,,,,,,,,-0.0688468960080505,,0.9239422510788493,0.2187199918753237,
1996-06-30,0.48854139911412886,,,0.4284886780912681,,,0.38493411569666564,-0.22891358627147174,0.44894053052602195,,-0.6754170770561516,,,,,,,,0.46505843847174577,,0.9083710712795465,-0.9704800616829109,
1996-07-31,0.582863386198163,,,-0.0972475637212068,,,0.42581861628538636,-0.03581302256945476,0.4798040148102422,,-0.7101394986320236,,,,,,,,-0.832556310208205,,0.9144621871533724,-1.3407292408736249,
1996-08-31,0.4047599870683974,,,0.25450116693365465,,,0.490110390298577,-0.18682928829995998,-1.3974006191777912,,-0.826612986097329,,,,,,,,-0.2757708829648641,,0.9381058739316379,-1.1827999214885203,
1996-09-30,0.4524994436199231,,,0.1693499220869648,,,0.21501017783354692,-0.22357844773115632,-1.040034456588651,,-0.8563075651018924,,,,,,,,-0.2603861621068744,,0.9240691732113465,-1.4040407480959318,
1996-10-31,0.4967798584603433,,,-0.06324311315794395,,,0.41503464923810196,-0.21658484788441976,-0.3158563641008855,,-0.7969633154637074,,,,,,,,-0.5221623209327629,,0.9484847786941709,-1.2370265049730627,
1996-11-30,0.6396104906866744,,,-0.02982107915812702,,,0.6624921402533146,-0.07135920870715821,0.42211713935312184,,-0.6790633643615233,,,,,,,,-0.29691036169297785,,0.9503882855036656,-0.5939775670020956,
1996-12-31,0.703020196173532,,,-0.2915690694854985,,,0.15065763207464747,0.022856421418070632,-1.9038993652735123,,-0.5772837200679315,,,,,,,,-1.1555577307901124,,0.8963181632227089,-0.4264269833730257,
1997-01-31,0.8647439990052167,,,-0.42080224011261236,,,0.6504788561384236,0.17304458569762748,-0.8374135955150073,,-0.6010092632024633,,,,,,,,-0.8125631178399405,,0.8953400144463337,0.15934938810910773,
1997-02-28,0.8028246566268045,,,-0.13873336902521424,,,0.633306345329019,0.1540769191215053,1.270691187246907,,-0.6212762832273833,,,,,,,,-1.1732685689567006,,0.9135826400697868,0.3329952001278529,
1997-03-31,0.9700360447113643,,,-0.03608536491121134,,,0.8702117111671066,0.3755463299236263,-1.3578465988511972,,-0.704320528848406,,,,,,,,-1.3893339468684403,,0.8749000458819365,0.5640101169597471,
1997-04-30,0.7714009438029198,,,-0.18686583447490931,,,0.1954876866185421,0.12514095831622013,0.8254173462265936,,-0.6696769237629941,,,,,,,,-0.9022702885893933,,0.8307989695543412,0.3692777513604417,
1997-05-31,0.7265621334775255,,,-0.2848876080229313,,,0.3973342234357638,0.09917480602494615,-1.139016038632624,,-0.6701797072580853,,,,,,,,-0.6964275685510326,,0.820569785151414,0.870590838651335,
1997-06-30,0.6577403986638622,,,-0.053142991709185815,,,0.3114389948538781,0.024283249894153938,-0.2652358287433053,,-0.6447073249578753,,,,,,,,-1.2186613760041691,,0.8280400505217302,1.1307791744702098,
1997-07-31,0.8431157650694586,,,-0.21692634433887384,,,0.3965487111209148,0.06781829245997378,0.4646628431696608,,-0.6244672824008145,,,,,,,,-1.1909859548755615,,0.8394983630847889,0.7017655959312995,
1997-08-31,0.9500062652506249,,,-0.5411589512738239,,,0.0766397271738913,0.18926970997615641,1.2355577920771526,,-0.4317586421313815,,,,,,,,-1.8937783415095921,,0.8300392266867541,0.42759225332769996,
1997-09-30,1.0121755870951241,,,0.06498646755304016,,,0.5045117664358771,0.18292640579509134,0.003835413641855779,,-0.38897993275975407,,,,,,,,-1.4508333262053514,,0.7997385903024335,-0.027500640816722894,
1997-10-31,1.202491054416641,,,0.23581881229250504,,,0.6848412044537022,0.33486493242612186,0.0259781553249802,,-0.397976529827252,,,,,,,,-3.819379472741557,,0.7156739141235416,-0.14308409114758672,
1997-11-30,1.168390696610096,,,-0.06872093983467956,,,0.29701144578934036,0.3065220237515532,1.054896849016219,,-0.4051903492226539,,,,,,,,-2.1647201905416185,,0.683404506134374,-0.6088855071885372,
1997-12-31,1.1156492453341578,,,0.43591752990662186,,,0.7731576452643455,0.19619455091856208,-0.12086366274302154,,-0.4530494186677135,,,,,,,,-1.4468565764260288,,0.714093557366901,-0.7661241503943182,
1998-01-31,1.1750911986695876,,,0.36619501422045175,,,0.431527631897306,0.28106925129501453,0.037238613763572896,,-0.4063357530115732,,,,,,,,-0.9256037232530164,,0.7809645913889234,-0.6470830903997711,
1998-02-28,0.9390772771261863,,,0.1321374142490212,,,0.17659869562395764,0.0010207711358891712,-0.2558738095815772,,-0.2601833804417383,,,,,,,,-0.3343795573723392,,0.8112958034382155,-0.7233057217131844,
1998-03-31,0.8021539332086334,,,0.169449258396345,,,0.2837326466238326,-0.2525557225084489,-0.48008301669673953,,-0.19149766222180126,,,,,,,,-1.460243201398404,,0.7995600032634058,-0.5808350800143236,
1998-04-30,0.8507351329143397,,,-0.0013090524708937077,,,0.44649957996256434,-0.18507281641256798,-0.8687921892714499,,-0.12663492713670524,,,,,,,,-0.8402981881351566,,0.7798029908254623,-0.3876267068591974,
1998-05-31,0.8720150674544641,,,0.12881569727192016,,,0.0924965997216692,-0.23830246289098786,-0.07282012224078639,,-0.046991865670942955,,,,,,,,-0.8610464150450196,,0.7504283260548048,-0.883386173896259,
1998-06-30,0.6321555142788782,,,0.2596690690320563,,,-0.6328494147443295,-0.5137007517738553,-2.139244150947966,,-0.03478472504338426,,,,,,,,-0.532310955195376,,0.7365236444722213,-0.9294263225275314,
1998-07-31,0.35643073614597093,,,0.5879880394868338,,,-0.31003540533464946,-0.736321136867397,-2.7193401131710266,,-0.031016377394473042,,,,,,,,-1.5387444549070857,,0.6983884533417155,-0.764142997195098,
1998-08-31,0.5898873888615009,,,0.5058826528416103,,,0.40190199680221894,-0.4899304872457455,-1.382389678933256,,-0.10812853614885004,,,,,,,,-4.78687689744926,,0.5379710767411132,-0.9349583966120841,
1998-09-30,0.3740382908090177,,,-0.0410030708745314,,,0.4290101944760689,-0.6499027376252237,-1.125322037848382,,0.04768753588095659,,,,,,,,-3.859956464655782,,0.3379772280850228,-0.6089561029071624,
1998-10-31,0.3287619150522343,,,0.37555969552119656,,,0.0780118620734902,-0.6266599421050418,-1.4577306456284795,,0.18426592630207825,,,,,,,,-1.6915164387832766,,0.2861636984433303,-0.9379702197273245,
1998-11-30,0.13832155349401998,,,0.259964752812644,,,0.2184846316529043,-0.7381032898671827,-2.454069133620093,,0.28421157090666604,,,,,,,,-1.338845356817442,,0.3736782818459086,-1.1180476089379237,
1998-12-31,0.14407277323145895,,,0.43838007576160615,,,-0.377395579782406,-0.6689974417620447,-0.8621721714386904,,0.34889853514610086,,,,,,,,-1.0681506443555022,,0.4350197382553249,-1.3958366216717095,
1999-01-31,0.1424758688860148,,,0.44521764023250426,,,0.2488531392488563,-0.7082694711099679,0.08314830924250678,,0.36293793485536274,,,,,,,,-1.3492600002843358,,0.5020011266959404,-1.473535686237688,
1999-02-28,0.2406519835571991,,,0.07795134591722577,,,0.33185617940079243,-0.5121762918167629,-0.92742891324725,,0.2753644822446291,,,,,,,,-1.588336004272891,,0.5664258744242509,-1.417663281096787,
1999-03-31,0.2828372743655948,,,0.2254376257148666,,,0.3063392425732429,-0.42200436326501434,-0.4730344863869839,,0.13382538265095098,,,,,,,,-0.8354834256770847,,0.6070180905727918,-1.5084145356676577,
1999-04-30,0.2572377727835351,,,-0.10608520025188535,,,0.3926183502889902,-0.38504983499600487,-1.1738718190065944,,0.13970836964283215,,,,,,,,-1.1169098355792615,,0.6229800132902616,-1.1772705296749744,
1999-05-31,0.25088470504985455,,,0.05581927195414139,,,0.36825616629758484,-0.27865468600613963,-0.7692666568005883,,0.13019207041258324,,,,,,,,-1.1564517997798962,,0.6012403710309465,-0.9443705487405573,
1999-06-30,0.3675290476331475,,,-0.34047500077711307,,,1.1137634533028535,-0.12930812569933225,-0.08681857507641995,,0.1345666241979212,,,,,,,,-0.46027168248497435,,0.5434732771294895,-1.1525011848034594,
1999-07-31,0.5839208148003346,,,-0.2078726108777409,,,0.5676068417630435,0.076057679510622,0.9855600999368073,,0.1758214371085562,,,,,,,,-1.0257290984176426,,0.4439237469331993,0.08579789741253421,
1999-08-31,0.21184727376674717,,,-0.054160705014118606,,,0.3876367479078087,-0.2487647909162936,-0.15241705770233066,,0.11163848062657149,,,,,,,,-0.9864791293033458,,0.39217238183199477,0.18187262184693245,
1999-09-30,0.13310913135437769,,,-0.003993233815288612,,,-0.08549028658643362,-0.2821299502409323,-0.5217716726549743,,-0.060223794907946764,,,,,,,,-1.130685724452457,,0.3511703871633468,0.5269336444819065,
1999-10-31,0.2523005070920828,,,-0.39068978399258614,,,0.4334119737756955,-0.1473989236999001,0.5619178967176762,,-0.18604585261473766,,,,,,,,-0.6082009483400923,,0.35884651923593835,0.28015062104512817,
1999-11-30,0.37790229701163913,,,-0.1673480229307254,,,0.4160067738204623,-0.02644735592737526,-0.9321584516697637,,-0.3304360976304081,,,,,,,,-0.9219113193000056,,0.40531689426454276,-0.7378658750638881,
1999-12-31,0.4489069432814655,,,-0.3273959126303194,,,1.0057774795209382,0.0074302723693697205,0.8072340026792816,,-0.3511370051548132,,,,,,,,-0.9882812180316772,,0.4079457332071654,-0.28783433288712007,
2000-01-31,0.319526352733251,,,-0.39648184161850286,,,0.38813251483704536,-0.037130310682746165,0.3320325899308332,,-0.3554263185585925,,,,,,,,-1.0296835944446594,,0.43953277434844307,0.23942733234456928,
2000-02-29,0.25253438970170955,,,0.026523819368538384,,,0.4063924909178358,-0.1590991724916427,-1.6396985417912922,,-0.42479577148778974,,,,,,,,-0.768421264196303,,0.42139007394088607,0.09977603060439152,
2000-03-31,0.28114686325952193,,,-0.38801319696344977,,,0.4845696994186454,-0.023633634776733407,-0.5307923097877784,,-0.27221956262704194,,,,,,,,-0.8821822301410926,,0.33691005806462815,-0.4937605816401365,
2000-04-30,0.3632219445153796,,,0.05561825277199103,,,0.08956387237690008,0.036339413103709105,0.04669050197330009,,-0.10864016111941183,,,,,,,,-1.2097535745085166,,0.28902993026531365,-0.42608622382051076,
2000-05-31,0.28093877976704107,,,-0.2267758203741672,,,0.43287251456337983,-0.11911004128689552,-1.1127483582292133,,-0.35390672880908286,,,,,,,,-0.7908034299189691,,0.24200309336857745,0.15368841252647586,
2000-06-30,0.30719611173902167,,,-0.13535760881795939,,,0.010458051159642472,-0.03094674158979287,2.997714481129964,,-0.3871027404627906,,,,,,,,-0.12241393410585645,,0.2624670156177312,0.1529099995503303,
2000-07-31,0.13168951453157357,,,-0.6386526738339084,,,0.11865748902634041,-0.08971783326494623,-1.358183008503295,,-0.45796312065450845,,,,,,,,-0.3168208629071787,,0.35798132578932185,0.09398338157291007,
2000-08-31,-0.020271295774106583,,,-0.39865850916541445,,,-0.25649211365697455,-0.32989178659939383,-1.4318477424291582,,-0.3946540348720943,,,,,,,,0.32036590839796264,,0.4258703769056423,0.435938740213763,
2000-09-30,0.1751619602084654,,,-0.45262085359691046,,,0.29716771130030867,-0.13788256721758288,-0.10493739712354679,,-0.2766985273391303,,,,,,,,-0.2913102555899504,,0.4243311955520634,0.9909838083158702,
2000-10-31,-0.18667154233325156,,,-0.2816197272637166,,,-0.16744158455646013,-0.49159318534274665,-2.213580504450248,,-0.33452970468303794,,,,,,,,-0.7909427147825158,,0.3993685911618719,0.7102324749483717,
2000-11-30,-0.2881588953493147,,,-0.3720524013736335,,,-0.9868962201945688,-0.6626625868012728,-0.9816141136816001,,-0.3893360540332553,,,,,,,,-1.7569370673745266,,0.34761892480857665,0.4451554955804169,
2000-12-31,-0.5306343582920177,,,-0.5526969210025583,,,-1.351846734662821,-0.9043126788398133,-2.0599173033232185,,-0.2905983609593331,,,,,,,,-1.2851971587813722,,0.3336560318660436,0.7511295674754932,
2001-01-31,-0.6046346510186844,,,-0.21889879339736062,,,-1.1338183849312014,-0.958126619230764,-3.4772214610786523,,-0.16243806038458533,,,,,,,,-0.4938084144682822,,0.44568104806858394,0.3289430762285878,
2001-02-28,-0.8147902998328128,,,-0.3932851569665857,,,-1.6200733248445047,-1.1190121248594498,-1.4952765746304175,,-0.010714345961555235,,,,,,,,-1.5119653696459403,,0.48949318088622773,0.38230323198218247,
2001-03-31,-0.9345361321639419,,,-0.16306499057661827,,,-1.8270322764046627,-1.2629536256085894,-2.0517056763026615,,0.14169873134768876,,,,,,,,-1.53959622651649,,0.4684650882253303,0.42461915947587386,
2001-04-30,-1.1372584550109492,,,-0.06848373997017203,,,-1.6762780442817247,-1.4364387269422365,-3.136048891245236,,0.165084474179799,,,,,,,,-1.0193916223807795,,0.535060224152273,0.019992033481287468,
2001-05-31,-1.293224994224417,,,-0.04813835221418789,,,-1.8960604418152163,-1.5097962785023145,-1.9789700099276368,,0.2328955052207393,,,,,,,,-0.5562274167651697,,0.6091283821653434,0.1738387781637145,
2001-06-30,-1.408496266381525,,,0.07744301384341482,,,-1.370582946656553,-1.6179339104546429,-4.055797806786155,,0.37607518925314576,,,,,,,,0.02564385978976812,,0.6391920241711917,-0.42325307390767425,
2001-07-31,-1.4964604269667525,,,0.4587036397140577,,,-1.2354122672038028,-1.7004072588372732,-2.4008383606789723,,0.44043116666857335,,,,,,,,-0.39041553954074176,,0.6708782490883494,-0.5848251789137211,
2001-08-31,-1.4569470917934053,,,-0.05867514372380103,,,-1.070339374499913,-1.6234634471635276,-2.2598054329483834,,0.4586683756137733,,,,,,,,-0.9243114258051449,,0.6121267243989696,-0.8435833942278312,
2001-09-30,-1.6515956698745793,,,0.02289143908067278,,,-3.286175951561151,-1.7542438710130954,-3.329910451858016,,0.8925857572281589,,,,,,,,-2.033878484485836,,0.5315018089893714,-1.122875567615615,
2001-10-31,-1.6196747484914364,,,-0.15304748035002044,,,-2.5243033559588235,-1.7074202939517162,-1.8062157394533698,,0.7167568792638663,,,,,,,,-2.2479720572233406,,0.5686751107018391,-1.534984927680561,
2001-11-30,-1.741678880472085,,,0.008256569316397686,,,-1.5242279782730113,-1.6859334876061045,-2.5366041398797154,,0.901413143736474,,,,,,,,-0.6941637684564443,,0.5600370484013611,-1.2828226684912325,
2001-12-31,-1.6744030759915316,,,-0.030875718316711768,,,-0.702300024442957,-1.49360196813466,-2.3047340566444197,,0.9196547306558707,,,,,,,,-0.6842663737216076,,0.5565053979677278,-0.941875755100832,
2002-01-31,-1.4320139617528522,,,0.12676981261234727,,,-0.4859126162469233,-1.2576018029056393,-1.6327809760232739,,0.7090989469447029,,,,,,,,-0.24955580756596915,,0.6336107952225375,-0.7857274128565401,
2002-02-28,-1.2884468919916232,,,0.39527053499412823,,,0.009917517463622327,-1.0797598435356308,-1.1522920124039484,,0.6311565094963039,,,,,,,,-0.32860700096782436,,0.6570515464809544,-0.6792359889721891,
2002-03-31,-1.0902829026630818,,,0.006217998583635071,,,-0.8854050328813589,-0.8632746430637015,-1.6094432386793236,,0.33354071165494165,,,,,,,,0.34505753363513647,,0.665996047752721,-0.7808702221773128,
2002-04-30,-0.908342600786117,,,-0.27568030974170343,,,0.06243361116206086,-0.6747145701772337,-0.528543619124024,,-0.06381497249899958,,,,,,,,-0.382191196403942,,0.7293372471102403,-0.849324121560957,
2002-05-31,-0.7185080860221764,,,0.28537018615867304,,,0.17107821693539998,-0.4284291505215049,-0.9752225947566496,,0.09752642173346572,,,,,,,,-0.06919765133743981,,0.7661310739526747,-0.9735375990394458,
2002-06-30,-0.4251099794051987,,,0.07680829180638604,,,0.23872473986959378,-0.07508462811238421,-1.3042164401804852,,-0.02264837410103098,,,,,,,,-0.9444769180476832,,0.6913302317780192,-1.0232014975291381,
2002-07-31,-0.2910029059920692,,,-0.1693487617046135,,,0.12578409480367891,0.061269272695856095,-0.17194138171762036,,0.03749428482840204,,,,,,,,-1.9892673386183564,,0.6056290182047774,-1.3824124715274686,
2002-08-31,-0.289769350764597,,,0.046116160481653255,,,0.15965975845023506,0.2081543355218768,0.02784435637806147,,0.07112696587731544,,,,,,,,-2.0512676325006343,,0.5627413183189407,-1.6041106771096911,
2002-09-30,-0.15862278146107012,,,0.5216702866148951,,,1.073090169648725,0.3432779197264111,-0.2802345152086264,,-0.4558237051717368,,,,,,,,-3.0639011903025604,,0.531027022318957,-1.5039338511804816,
2002-10-31,-0.1437742011792913,,,0.16297963157395648,,,0.8240117320442426,0.4108573245186358,-0.6985425210896707,,-0.14165787692591705,,,,,,,,-1.7182091942914677,,0.5574908192137539,-1.6319604652784983,
2002-11-30,0.11661142351131192,,,0.26473320921122795,,,1.1711505160193596,0.6324718176829797,0.0219756049127867,,-0.11771410128881478,,,,,,,,-1.1498549104394342,,0.6147067084834495,-1.2311642690959745,
2002-12-31,0.0009519168272346126,,,0.4591572435960386,,,0.26650251139481707,0.5028149051731894,-0.6165504744142608,,-0.3098536226137819,,,,,,,,-1.3102827972164808,,0.6281569478015565,-1.2218664209925807,
2003-01-31,0.0424892844234706,,,0.2508478365769885,,,0.21466755013810515,0.5677569357900071,0.06777010374479907,,-0.2495702642860674,,,,,,,,-1.6800835975029313,,0.6724173609356103,-1.2355057098418383,
2003-02-28,0.06654456702654254,,,-0.6002636834949073,,,-0.11763358632581963,0.5656145375511049,-0.3649670447345874,,-0.22266319620340225,,,,,,,,-1.4314884871174731,,0.6822955734429669,-1.5246648462294004,
2003-03-31,-0.15422476575494964,,,0.08193278040626656,,,0.5390532937250401,0.46973929585581825,-0.13517750515435312,,-0.18116127090843137,,,,,,,,-1.3465368944336198,,0.7247387399613473,-1.6205377285303415,
2003-04-30,-0.39488804112653414,,,0.0005410969026204464,,,-0.18435015947964767,0.27591467737788355,-0.7073791191640265,,0.019093631854751686,,,,,,,,-0.14408041071690475,,0.8048024475855516,-1.4672917424185938,
2003-05-31,-0.4887518926332671,,,-0.16717844452272929,,,-0.17079364515861395,0.1983340049923168,-0.5237293051369929,,0.18975756943995603,,,,,,,,0.11976775335156456,,0.827978499960654,-1.0289393017140078,
2003-06-30,-0.6402151135629256,,,0.23674562218727674,,,-0.3577300666097005,0.10158364375149607,0.13841864588703262,,0.2427947226752297,,,,,,,,0.11180269433992202,,0.8270495184666184,-1.36795826561222,
2003-07-31,-0.5195418617744467,,,0.48745873916874327,,,0.049078737561321605,0.19393275223808043,-0.5767590458322659,,0.2464590034541669,,,,,,,,0.11602626951793477,,0.823553462657234,-1.2670106887797465,
2003-08-31,-0.542324118791695,,,0.3853255743378618,,,-0.006862980898330106,0.08427403939689926,-0.82220230703993,,0.3111965506814378,,,,,,,,0.24703123174522496,,0.7857138866804043,-1.0373598075632875,
2003-09-30,-0.41821523026658536,,,0.1811250106752822,,,0.38208647709218824,0.24846289098491275,0.5238838380760404,,0.028537787332427254,,,,,,,,-0.3802954486343825,,0.7944132338691524,-1.0492450412113707,
2003-10-31,-0.3439222317314751,,,0.6887999113817627,,,0.46924385305565824,0.32685222985945594,0.7366111319832889,,-0.275021326048472,,,,,,,,0.6371754451082381,,0.8220052040037163,-0.9518236546974043,
2003-11-30,-0.3189994927281925,,,0.6647677193500192,,,0.3774009530734916,0.4010518170119198,0.48151735955340397,,-0.5284920475598602,,,,,,-1.0364110008293013,,0.6007552106924021,,0.8202636148382925,-0.5729837314997293,
2003-12-31,-0.1869920579742262,,,0.5017119359855875,,,0.7974000935821342,0.5080757625368456,1.0287709093763837,,-0.6530977647361333,,,,,,2.605491440142953,,0.2919970232128298,,0.825416941454976,-0.30828823587339493,
2004-01-31,-0.3428843538717708,,,-0.010198469131877995,,,0.4789435006956625,0.3194423241051025,0.2213176330659445,,-0.7864521642824507,,,,,,0.3399707586250136,,0.5504482534744158,,0.8778940094326445,0.008899529533187416,
2004-02-29,-0.23419473858751702,,,0.4275834501615447,,,0.9152242352386291,0.5044170786640466,0.10737865438796897,,-0.7749900770315773,,,,,,-0.49627782994908154,,0.8692208969791654,,0.9000437397007436,0.8665189630483787,
2004-03-31,-0.26484322308419733,,,0.5317157276172892,,,1.123028194013679,0.479046955343688,1.04144548415197,,-0.6969245952285676,,,,,,0.8253812201896181,,0.5266172290384183,,0.887673619152088,1.6856315342007169,
2004-04-30,-0.045589599882139016,,,0.7952670418541635,,,1.1928964135240019,0.6979378072761088,0.7545216145153736,,-0.6850994503970479,,,,,,-0.15264120816513713,,0.4548769474698391,,0.8322888273753217,1.4125780252457971,
2004-05-31,0.12504832605658744,,,0.41621884039642837,,,1.1069518454588192,0.8370884260488173,0.47228513950434786,,-0.6131106694363803,,,,,,-0.3231808711011018,,0.7157690170200999,,0.7917468583905368,0.9580882935889309,
2004-06-30,-0.08321142205972917,,,-0.24066135913814873,,,0.972665501479148,0.5973685263072763,0.47683756681092915,,-0.7956595432879942,,,,,,-0.36559563997730277,,0.8926153773547078,,0.7823842751395956,1.1463282414923066,
2004-07-31,-0.03025367518756626,,,0.08872436143662822,,,0.7657527963608285,0.7131031592184821,0.5918524287597345,,-0.9723057366781863,,,,,,-0.2862539630970276,,0.7359432240850764,,0.7894502194393709,1.3382527072709098,
2004-08-31,0.0351148644767258,,,0.2997045222375904,,,0.7279489162470332,0.8973572038558266,0.3520081293048197,,-1.1353399718207156,,,,,,0.5446992219502037,,0.7373958624179761,,0.7921824955800867,1.2961838744775749,
2004-09-30,-0.08293181222661877,,,-0.22736976015601304,,,0.5371749834685258,0.713294202671441,0.24566662868438452,,-0.8220502923982568,,,,,,2.1032652472250675,,1.037320001561756,,0.7897288132076414,1.3921388566299795,
2004-10-31,0.0837918526535712,,,0.08010491000604533,,,0.6758318037066073,0.8569385821233395,-0.4400244072437611,,-0.6331960475237866,,,,,,2.363396953531619,,0.5753914133191901,,0.7933360632440994,1.5577176308968426,
2004-11-30,-0.012962616038749522,,,-0.7776717002746758,,,0.3934850695745863,0.6507592777605266,0.3251586892382456,,-0.5292852098695318,,,,,,2.7085773380784914,,1.0455852558742815,,0.799530151452653,1.5479274315175933,
2004-12-31,0.16329549262619772,,,-0.1813124343469016,,,0.48981783001812246,0.806408659339085,0.42298434348797964,,-0.4290839337791164,,,,,,2.732392266487306,,1.0317572386222222,,0.7823575232953088,1.2660970811674954,
2005-01-31,0.21111298865822845,,,0.380226533406348,,,0.6542558107956971,0.9257988337502092,0.777630217909089,,-0.4407840870676473,,,,,,2.5744883476947655,,1.0988468623320697,,0.7860095108421239,1.2773024303787717,
2005-02-28,0.23919921192367444,,,0.6995749526521972,,,0.5538269346152564,0.9057127416086812,0.6401189819551911,,-0.6075080875017111,,,,,,0.5271593962746873,,1.2068248933873473,,0.7905206902132856,1.7467008480654969,
2005-03-31,0.300895525210694,,,-0.444055845635646,,,0.0841995680757383,0.7666846471904522,-0.9086275346555044,,-0.7468348122312405,,,,,,0.5722764055954035,,0.8980850111738511,,0.7499789506281588,2.095478068357964,
2005-04-30,0.2640914493333981,,,-0.025232545011102805,,,0.1776099385562303,0.7450092553510916,0.2758072545986218,,-0.8890154424556233,,,,,,0.9201567861841143,,0.6928531280740918,,0.7008777990144812,1.8831445980153398,
2005-05-31,0.11690304668083785,,,-0.05462184359211558,,,0.07006100452963318,0.6056061103650351,1.3066133784626437,,-1.189604078813173,,,,,,0.9228705339675548,,1.0047901940189663,,0.6909379090636343,1.5511267034836485,
2005-06-30,0.40520114822443376,,,0.4216710684508548,,,0.59326325784217,0.7444504999388167,1.3691149817210386,,-1.0399014526400918,,,,,,0.6457412117791144,,1.1933565835641153,,0.6931791294706227,2.363327390305812,
2005-07-31,0.1556534242141745,,,-0.039181873757254355,,,0.4423488181095043,0.43435108631349795,0.017890634194808047,,-0.9503798228942227,,,,,,1.4203926656652879,,1.2583325611771612,,0.7006310657534186,2.340053445156822,
2005-08-31,0.21588062005682296,,,0.000711851436429626,,,0.5475700765035846,0.4081636220255694,1.1189312271019174,,-0.9241602101808003,,,,,,1.1602971089984395,,1.0905168399509308,,0.6863381408779803,2.7992347906329202,
2005-09-30,-0.267912229518619,,,0.4127403893040921,,,0.003059727889842024,0.1329732577282064,0.6311965451668652,,-0.9316584901887791,,,,,,0.42490784691915284,,1.1893429913714864,,0.6572918098517073,2.5945668372545723,
2005-10-31,-0.18536921605152387,,,-0.1689487628663418,,,0.24437504920893532,0.2138406577181651,1.3820201448841791,,-0.9055134265265186,,,,,,0.37552467299326925,,0.6549523917477886,,0.6709663584318675,2.6153237359471584,
2005-11-30,0.01666583552832248,,,0.7450143361800441,,,0.4335813222270881,0.3769343692430631,1.5579808719142985,,-0.9544996458083244,,,,,,2.002601985948653,,1.1585641755979343,,0.6671932189141894,2.7471451864774266,
2005-12-31,-0.04823711709564108,,,-0.25902954947484597,,,0.3626582625362959,0.22004730169245423,1.509544332925279,,-0.9138483443586175,,,,,,1.94491820986889,,1.1499747163635698,,0.650355574007474,3.0787876177519666,
2006-01-31,-0.09503889933063599,,,0.1093102272293145,,,0.7816188948231485,0.23514929521491065,0.4847939803917478,,-0.7436776487563389,,,,,,-0.2623305182536003,,1.0070439236914235,,0.6841496148710624,2.753949003297165,
2006-02-28,-0.25291801322258506,,,-0.3313175632822109,,,0.4091112328328737,-0.006518304714509805,1.1180452476107492,,-0.666447378237997,,,,,,0.45769701032486965,,1.096168269018624,,0.7091428313427103,2.508278678704348,
2006-03-31,-0.1690417000559973,,,0.09316542575213112,,,0.7314208601739949,0.08494001100702364,2.5276712590997286,,-0.6430249967427925,,,,,,-0.08629347960683058,,1.2365561601845085,,0.7035183860768183,2.599577110871002,
2006-04-30,-0.14832118418989487,,,-0.6691456727506849,,,0.27892593504892726,0.06988646698401009,0.8313298197679662,,-0.5319002801169697,,,,,,0.0428383467099168,,1.1978207201833395,,0.6944155654746756,4.2129667134680275,
2006-05-31,-0.16318157571725597,,,-0.33505244592511424,,,0.23493364954747087,-0.0347137690835983,-0.0011355349467165338,,-0.5841787274544067,,,,,,0.48831882240617136,,0.4403000152624912,,0.6608531003468011,5.059786781185702,
2006-06-30,-0.19387955180763575,,,-0.7216703410817747,,,0.12906352578333138,-0.017349764839332604,0.12771496202755903,,-0.5659330490938062,,,,,,1.9348298559876511,,0.9605559321702528,,0.6133568171543938,3.173454390953878,
2006-07-31,-0.13159197174651008,,,-0.8338563698640735,,,0.17211065431287492,-0.005286462930633843,0.47714893397600694,,-0.526273711664123,,,,,,1.3830899235481173,,0.665916874850164,,0.6386448694177963,4.421069490300135,
2006-08-31,-0.10508966306688788,,,-1.0883671464988989,,,0.1569647584513915,0.04024939221464148,-0.25453787929250643,,-0.539640003102329,,,,,,0.7558583884318372,,1.0732138530074304,,0.676154371971486,3.690366694177195,
2006-09-30,0.3186058955675229,,,-1.0325488828977714,,,0.7404646501161316,0.2979704463585801,1.5465380326162317,,-0.577072665013473,,,,,,2.02390023204195,,1.1185131712519734,,0.6776377256709468,3.4995178955712785,
2006-10-31,0.004525909827060762,,,-1.371587868391586,,,0.011152048514264665,-0.09829013393199547,-0.17283180350493887,,-0.5130392090749752,,,,,,1.8504150291423702,,1.2480894629448205,,0.6957905859571435,3.661257421753485,
2006-11-30,-0.26776937273105694,,,-1.326529458891585,,,-0.4670023092769899,-0.2644683379786393,-0.39462760313021106,,-0.43068508700977376,,,,,,1.675332450012676,,1.2694929781670623,,0.6945939112151964,3.1712167820698607,
2006-12-31,-0.15055319494515318,,,-0.9014740600523782,,,-0.4984585245177142,0.00360127790909138,-0.15016368737947494,,-0.364854182566142,,,,,,1.9093002443591753,,1.1614344838585984,,0.6977952080358584,2.357276013079159,1.028891326328366
2007-01-31,-0.26681828623920806,,,-1.8081292542141953,,,-0.32692815364169703,-0.23470268284265414,0.2810350482339889,,-0.3943127754558283,,,,,,1.8754651686049084,,1.3298729107187717,,0.7379018437226398,1.4138623925787948,0.21473541311159863
2007-02-28,-0.05578595047986797,,,-1.456447415726444,,,-0.3578897191312493,-0.1251108184487015,-0.5871630683069018,,-0.43923433388327227,,,,,,3.1080509180913114,,0.5510075190551623,,0.7207643230239718,1.4055094775348613,0.8152920619442984
2007-03-31,-0.06692157193936651,,,-1.1852824314196855,,,-0.08719313199737337,0.036738730101013355,-0.5148772782810594,,-0.35490810999928685,,,,,,2.5034118533517407,,0.6700908835329774,,0.6702348536913075,1.7998917977662918,1.4642958751561292
2007-04-30,0.02016111431348326,,,-0.9237661141529547,,,0.3908428204191744,0.0783968683527844,0.6369163425219668,,-0.20699777492655033,,,,,,1.7399261614206334,,0.7328484470903284,,0.6532720809501783,2.8996110855636252,2.171589938746564
2007-05-31,0.03683965502832242,,,-1.3141227162865698,,,0.3824372468944078,0.11303166677294162,0.22833941564363025,,-0.17666742674162259,,,,,,1.8184557385157298,,0.9114344417634047,,0.6213633395934849,2.5480978870821005,2.0872899408541
2007-06-30,-0.024722591757237983,,,-0.9823410976550194,,,-0.02026434008518029,0.12382480450375424,-0.15748386299811146,,-0.2095486342416022,,,,,,0.9364597092573486,,0.41377742840456744,,0.5930398276679698,2.4594808977766296,1.890828838035112
2007-07-31,-0.04105120027522434,,,-1.0854206627935206,,,0.19012202771315795,0.18096664746037927,1.017405654513056,,-0.2699102799732087,,,,,,1.0931068374877422,,-0.7240679768149805,,0.38726738739487904,2.882844716629315,1.9718798095664276
2007-08-31,-0.09938867770850325,,,-0.9664936922493498,,,-0.1226849133282688,-0.03829637752755188,1.1168471668992281,,-0.0795591432733639,,,,,,1.0900056998422503,,-0.6996741230084559,,-0.05194244999036128,2.3545424514089457,1.6588650950556707
2007-09-30,-0.006761117661149097,,,-1.4813012049482142,,,-0.020441388929597362,-0.0018499120668921123,-1.2080331038159653,,-0.12812120902785276,,,,,,1.7716767532419515,,0.1436178193499565,,0.06236196156792345,2.4148687068168044,2.434808469174003
2007-10-31,-0.04678790476661869,,,-0.7772598505735135,,,0.10053173493739251,0.07416193167453228,0.2690728194127083,,-0.29341094254156513,,,,,,2.150838893549768,,0.060175148597632684,,0.13055979173059687,2.2131532591519534,2.5617829113750403
2007-11-30,0.0907896429458888,,,-1.1492252220853114,,,0.06021474178631242,0.1697085248677607,-0.5359542778532844,,-0.34652898179987546,,,,,,1.4563328425661761,,-0.6215476219464401,,-0.2965056683714778,1.1842137669849773,2.0854101964991534
2007-12-31,-0.14368372507981533,,,-1.7280852954715187,,,-0.16048971616457558,-0.0835926068054372,0.31596955136504157,,-0.41231117746657164,,,,,,2.386133217127659,,-0.5614603622134742,,-0.3325610659130622,0.7319654651522554,1.8714143730698702
2008-01-31,-0.0942484266909634,,,-1.109609711165896,,,-0.7812969240121869,-0.027487090503366438,0.4255412515965185,,-0.4412860017356847,,,,,,2.1117678820680896,,-1.1400404364438064,,-0.23522431798112206,0.9936953545542004,1.942358809336591
2008-02-29,-0.4102657143039157,,,-1.211708413935115,,,-0.3633153998283108,-0.20322590629708004,0.27399368260078466,,-0.13793793999746778,,,,,,2.4629108620810403,,-1.1871090988120647,,-0.5695397445248588,1.040620136005016,2.0958192080144378
2008-03-31,-0.5234556796177706,,,-1.525817070999193,,,-1.118063395231662,-0.4134182852452394,-0.3393294923210753,,-0.00829493120608914,,,,,,2.0899322450353646,,-1.0354619448209272,,-0.7084018439211311,1.148024621476521,1.9986491415459906
2008-04-30,-0.8301612988986934,,,-1.4871106856388376,,,-0.9686757185855868,-0.6931274609905027,-0.8422885111693503,,-0.1589917587127864,,,,,,1.9909576618026061,,-0.2745453776226681,,-0.4453921900628675,1.1228535001596778,1.7933458758843923
2008-05-31,-0.9909308410918535,,,-1.4481695843829632,,,-0.6786501618257906,-0.7593844098934563,-0.7840501345081027,,-0.16785005631155564,,,,,,1.607003878804826,,0.19286396299836195,,-0.314575959677928,1.1835741737075396,1.7353670186556878
2008-06-30,-1.0555992633458056,,,-1.292781088041465,,,-1.0001013645827823,-0.9165551505593962,-0.6574401291909735,,-0.23889854813662953,,,,,,2.0476689449754124,,-0.7737969013947924,,-0.4998882293870886,1.2355563754112338,1.5846850032765076
2008-07-31,-1.1075827109807357,,,-1.4649832427680365,,,-1.8668357456494888,-1.0496600528644284,-1.507146618391968,,-0.1769332822290611,,,,,,2.2717687660190675,,-0.6117697015662588,,-0.5009829195438771,1.2772513769440048,1.4803887356046272
2008-08-31,-1.5060561565081318,,,-1.663002122534652,,,-1.488867991637525,-1.188224314439379,-2.0432645073342224,,-0.457255580442402,,,,,,2.0909054315179865,,-0.2475876065960635,,-0.6129145236060336,0.6200420763767658,0.7830499588114582
2008-09-30,-2.525213607309155,,,-1.4039566952595783,,,-2.3160214901791982,-1.87388469233599,-1.3940016497092245,,-0.25681198373412917,,,,,,5.807877031070698,,-3.149684306280161,,-1.4620690442842583,0.7136661718720151,0.284472167438278
2008-10-31,-2.2369245334152272,,,-1.736584571905858,,,-2.023873094548709,-1.9103326228953401,-3.089326415071095,,0.1078776917422184,,,,,,4.936728254401837,,-5.830974427655089,,-2.3351398596293973,-0.5261598198283384,-1.2600321782846065
2008-11-30,-2.6112020743841344,,,-2.0282347366266102,,,-2.1927745929315905,-2.4191575428469188,-3.438685273657884,,0.2117022099459313,,,,,,4.470068615278488,-0.2316112767981008,-4.94409552185339,,-2.56120362610299,-1.13450088351592,-1.5760867082206504
2008-12-31,-3.1712968645690576,,,-2.036796751106407,,,-2.0775086608392206,-2.9950641618868,-4.439764278607354,,0.819014524224452,,,,,,3.393360707956065,0.9312408992145362,-2.735054874286367,,-2.2321086834201793,-1.3993172531052829,-0.9261873965831999
2009-01-31,-3.592901596057225,,,-2.397199961131927,,,-3.1360122989339008,-3.4512779033432377,-5.116778315458343,,1.015126269679888,,,,,,2.323163534102021,-0.00894931445147722,-3.2953013448546753,,-1.7143281803663704,-1.445337322124203,-1.5704150289908643
2009-02-28,-3.5798190370636056,,,-2.0618176115899063,,,-3.640002211918791,-3.270756757361251,-4.76564802555925,,0.7449735245497305,,,,,,1.9932455438696999,-0.24606299630721545,-3.396523994269133,,-1.7095902166385704,-1.4969816658475368,-1.9969119684828767
2009-03-31,-3.758567859569814,,,-2.1556594067629145,,,-3.0496226675970544,-3.4370229885874517,-4.598378280513832,,0.722836532089196,,,,,,1.8628110809671248,0.20034449727860282,-3.0431847844751916,,-1.5188974025766913,-1.4136086531309535,-1.4373885126730352
2009-04-30,-3.730932793355935,,,-2.270275982223077,,,-2.8311759652327035,-3.3259452608142213,-4.209360190542144,,0.5517265753848261,,,,,,1.8541163470984279,0.1452900623251451,-2.0585103335978245,,-1.0380305644393664,-1.0093949650537164,-0.9754330584646972
2009-05-31,-3.742953314073578,,,-1.9093642785009781,,,-2.8086097404824013,-3.334954688294373,-3.8471796104984195,,0.7309220616823073,,,,,,1.7309572373355424,0.7076424425217068,-1.1065339777850167,,-0.5963617034765243,-0.8267799634543098,-0.04380548661253475
2009-06-30,-3.70811108920732,,,-1.8819642006225,,,-2.0873558894385993,-3.213906001611049,-3.8393609416415146,,0.687726640535914,,,,,,1.9912836498855833,1.1098634876970863,-0.7830202751848817,,-0.46333460014533107,-0.7066136977436992,-0.2566093543796672
2009-07-31,-3.396556055356476,,,-1.5223791408926344,,,-1.3710311195676073,-2.7638204222224085,-3.1874937255495244,,0.49509323286563034,,,,,,1.6387621647439632,1.0925947229546022,-0.7269281405245566,,-0.19366809154350118,-0.6371395006325866,0.16031482212273973
2009-08-31,-2.8851006583257073,,,-1.3056007769883955,,,-1.0343187968860654,-2.3330649922932656,-2.7535677056314194,,0.4284572001175601,,,,,,1.7063780758579354,1.2879315192850112,-0.735771614724562,,-0.030215614133171132,-0.098452197808404,0.08597763224809077
2009-09-30,-1.8735842895870833,,,-1.2222304698237085,,,-0.4698928979136523,-1.5237802852922004,-2.707803910783295,,0.13321291874845442,,,,,,1.70444556892471,0.3556595795733524,-0.6835780859276472,,0.08139931754541721,-0.14346943886452335,0.36992291244799247
2009-10-31,-1.999626127581864,,,-1.327864924215085,,,-0.20943822968051926,-1.3708197749781983,-1.701380597846782,,-0.19884412105445912,,,,,,1.448930718771519,-0.9071027560211549,-1.3126136091480693,,0.15255192099248086,-0.23524447036576152,0.4797014296043659
2009-11-30,-1.657397924904652,,,-0.4289837470113693,,,0.6196407033367176,-0.7129520669017042,-1.279420493655179,,-0.30231859837374797,,,,,,1.1315816922009687,0.737712119717186,-0.5378909449163252,,0.19904571504249347,-0.19873757244931692,0.7246266383349115
2009-12-31,-1.0186124404325088,,,0.1392949207602408,,,0.7055681615773092,-0.07601580403905765,-0.9039526177747351,,-1.0460102905275412,,,,,,1.6955833337566582,1.0579109620538645,-0.182865630647605,,0.3028074925919559,-0.29426950540010105,0.40124254659357883
2010-01-31,-0.28995579284332545,,,1.0411520765269717,,,1.095280656302346,0.7729099962970057,1.6503773285327492,,-1.50647914043249,,,,,,1.0508124974031998,0.19037871688125102,-0.5505379129219977,,0.3456711709820685,-0.14132342268123085,0.22127468499361808
2010-02-28,-0.08632739091685557,,,0.1381687594321333,,,1.2674274306938489,0.7876903403093957,1.7656442313023744,,-1.4310973543231085,,,,,,0.9782268593720161,1.117145281615977,0.09309998823060749,,0.3858644179619253,-0.32805648435403956,0.24056528450703502
2010-03-31,0.3886157329945141,,,1.0661595671996271,,,1.5171451185300968,1.4101445466482843,2.0397238621983873,,-1.6973203047068817,,,,,,1.0260529770027007,1.2966655701453769,0.3330136246285323,,0.5364354246307551,0.018485994672767743,0.3980494245026095
2010-04-30,0.6383743404973719,,,1.8044847372376915,,,1.364430286622202,1.7200088262906637,1.976899148753568,,-1.591715941298377,,,,,,0.8352773810962442,0.6124114013293916,-0.22952152872129233,,0.47737141134594746,0.08075383586513599,0.4055977881204896
2010-05-31,1.149405449918824,,,0.3065376891960661,,,1.2286020924057128,2.1980360729917328,2.2351950408040517,,-1.6043567024809142,,,,,,1.0259684186622617,-0.36598244317514617,-1.4870601004719401,,0.229859692610664,-0.41963546561767834,-0.34023241121371683
2010-06-30,1.270246979508469,,,-0.37790941871243644,,,1.1097543095515772,2.2362158205127813,2.11841064576413,,-1.5659116238382211,,,,,,1.453002829693049,-0.056686442869043493,-1.7833158505076325,,0.23049081554999154,-0.7098749747080134,-0.2693056021189621
2010-07-31,1.1034494778508954,,,-0.36508580989888884,,,0.9778122567443603,2.0158261562654034,1.7191166539359197,,-1.5340953724322113,,,,,,1.112648924100211,1.5083088927580304,-0.39576070261460855,,0.38453839631077247,-0.663371025428835,0.32492936271560574
2010-08-31,0.9427158368073036,,,0.06735596965997422,,,0.901381216075542,1.804539025585671,1.6812847685396388,,-1.3491018355948274,,,,,,1.1222283481079673,1.0354941730501337,-0.7144094200926322,,0.40448626923654335,-0.33096157783533947,0.004971656800916844
2010-09-30,0.8143055936585887,,,0.03873033006624238,,,0.8974700266824918,1.5993652569324162,2.1851759674363698,,-1.2266679535459937,,,,,,1.4086636967091501,0.9953224822897672,-0.4174634500278464,,0.45994566873547515,-0.21159650610230568,0.7514956530306549
2010-10-31,0.6934747875857347,,,0.04486663791196547,,,0.724670355584173,1.5767907836309378,1.476778801065856,,-1.1406469371898558,,,,,,0.8199446506547603,0.617379931088487,-0.1018803386510403,,0.548231383029404,-0.1345074670373125,1.0139602636668246
2010-11-30,0.6179532864302385,,,-0.33381794027779765,,,0.5418917386173742,1.3858799206546601,1.7308933648386968,,-1.1724567668089176,,,,,,0.7719195546877469,0.45723396378065934,-0.39674673480311146,,0.563493217190844,-0.241438196913477,0.5457274224340082
2010-12-31,0.7396760206197276,,,-0.3298945217292721,,,0.7428477879947037,1.4858265017864383,1.5085795000774624,,-1.026522021022205,,,,,,0.9858131191401966,1.59569431701633,0.3356184993514432,,0.6267787441320924,-0.04178053313950791,0.9015739436494704
2011-01-31,0.4601492768742108,,,0.08509775674315516,,,0.8135172778573027,1.2770549467321068,0.8075817339267851,,-0.7982660775260074,,,,,,0.6537515118197206,-0.08313113591788092,0.10962366018951243,,0.6899552267561505,0.0472335177648187,1.0681763537782525
2011-02-28,0.2949881932724523,,,-0.6326336350326613,,,1.0643118709249852,1.3054003690416969,0.48734397976286215,,-0.7511229012704538,,,,,,0.9838506431109286,0.6395552030920545,0.2590455306486039,,0.6702002952531572,0.2705823504251494,1.2138940064736894
2011-03-31,0.36948274832944517,,,-0.26270287582701124,,,0.7115827834827818,1.1654944111169243,1.1757289500673576,,-0.5223278052447533,,,,,,1.2800371190280448,0.9501855739855537,0.3359803294522588,,0.6478107514196676,0.08284641016660874,1.3852770935424703
2011-04-30,0.22819004664289902,,,-0.8409155610086625,,,-0.04600418727541413,0.8811348287068677,0.5570662841554644,,-0.4096889862983767,,,,,,0.8393439101135436,1.6085588006012306,0.7152293438434645,,0.6923304336216649,-0.052718227448856805,1.859417075312615
2011-05-31,-0.02972678081693327,,,-0.18098221213218144,,,0.5215820130794572,0.6078530180232288,0.4992935805785262,,-0.3530409405919616,,,,,,0.6933435589119401,1.062192387661611,0.6241691964835433,,0.657379087335617,-0.3785553985607266,1.5833559103361363
2011-06-30,-0.0050623218902643135,,,0.5473481492944529,,,0.5442617586633324,0.6160092797687243,0.45382753871402176,,-0.15632111221613829,,,,,,1.2922517095125505,1.1187326339614359,0.48623318382840713,,0.6189191308846668,-0.3972870902567189,1.577959503184886
2011-07-31,0.018628583088289134,,,0.5749598380179932,,,0.7816961079627457,0.5980531474997681,0.5867304806659741,,0.3879775787880088,,,,,,1.294832051384538,-1.9492580401356931,-0.6296124015396204,,0.5063543830612269,-0.22264861802577113,1.6872487200227428
2011-08-31,0.08344587005137231,,,-0.12247627835361359,,,0.6802826250348951,0.6304263032383501,0.8388367142865418,,0.8724992808132923,,,,,,2.989617466175559,-0.5460840065855214,-1.4374415618935554,,0.2775746031126351,-0.5565860510794113,1.4336067588796693
2011-09-30,0.0036817614315370227,,,0.37678783055503967,,,0.641005952313546,0.6203962004094129,-0.18169121405911356,,0.8231971820962413,,,,,,1.918169558617899,-1.1052879433086695,-2.837114613347834,,0.18858933012156265,-1.0690923792826699,0.3398659937692726
2011-10-31,0.21060627317631206,,,0.49991211600331925,,,0.6564747119350763,0.6704372935100802,0.5028509895350812,,0.7447821066043848,,,,,,1.810702199572859,-0.35452546513163485,-1.1918149599061842,,0.24667365223576054,-1.3292684080109471,0.9148637956393355
2011-11-30,0.18999865337406252,,,1.2674315625825638,,,0.48787937272181225,0.5594862434518812,0.5110819076852272,,0.8491235265572713,,,,,,2.279580059358407,0.6914704027668652,-0.9163661073502046,,0.21858464439775951,-1.1442801978052437,0.43420481584739634
2011-12-31,0.09514441837759105,,,1.1921312048215054,,,0.4357939427883899,0.549858743208724,1.071985874470576,,0.8828209536932906,,,,,,2.035360514039159,1.1817408350550416,-0.3608881602383004,,0.28662764289583226,-1.2459234637178644,0.23078081512041385
2012-01-31,0.2670280693833377,,,0.596527715947802,,,0.6330681817034367,0.6599880853977108,0.6657937734683806,,1.0419492110321518,,,,,,1.990448814499497,1.0384641357925484,0.1389070861028582,,0.44363996001993083,-0.9445262059548548,0.623665874883846
2012-02-29,0.42151771144053163,,,1.501987052499978,,,0.357834955851906,0.6659293993181457,1.045091949596772,,0.9740207624556632,,,,,,1.8985569770616901,1.4634763608142398,0.2661501764229765,,0.5186595825765703,-0.8541087664050799,0.787171487205919
2012-03-31,0.08751476170716274,,,0.6373166015994001,,,0.5812451524439807,0.40213752610156084,0.050865510086483386,,0.9023975663333225,,,,,,1.6812922179977383,1.5762790954068633,0.6358104657356503,,0.5431958819631992,-0.9590631156141894,0.6288614847258128
2012-04-30,0.31035779364300015,,,1.486156735295583,,,1.0311150761837793,0.5663593168655155,0.45714093825356655,,0.8450237542474115,,,,,,2.029962802989982,0.8350988456403164,0.42552359200228906,,0.49114756959270545,-0.9081766208215355,0.6434771992273592
2012-05-31,0.3337669464004561,,,1.0713692977713252,,,0.5155932483371689,0.48032434109622457,0.20136825705599568,,0.7194507664084112,,,,,,2.028353194752221,0.4317135388263166,-0.45153898599532516,,0.385047890860414,-0.9943242458733824,-0.2889697078652592
2012-06-30,0.26944386883744953,,,0.9973614143474271,,,0.6378467401455533,0.48372755754536123,0.3929503542714525,,0.6807892434236147,,,,,,1.5940071732303216,1.424607796692564,0.4357890749900521,,0.3972393110400557,-1.0441143139745908,0.09672166752272308
2012-07-31,0.2084813053954866,,,0.7531456856810941,,,0.4929017512325691,0.3086810506474727,0.37677429782582317,,0.26236500758143166,,,,,,1.7199757355673038,0.483904189765712,0.19961628202564646,,0.47986832980313926,-1.00465296819074,0.11077020957967193
2012-08-31,-0.027534919768268197,,,1.1795156275192893,,,0.4679775613417321,0.1733788576347318,-0.9981905958722717,,-0.16856800646328676,,,,,,1.8934328025308076,1.304207182197253,0.385217431299057,,0.5642196454725952,-1.0162688526900072,0.2576689775516552
2012-09-30,-0.02551584593500777,,,1.2365971726945735,,,0.44818750102804844,0.07553376911602393,0.20063935925897086,,0.02532010245079091,,,,,,1.736295031542484,0.6841770505158999,0.6062113282634083,,0.6240481442024997,-0.8828483008415396,0.5488019112522876
2012-10-31,-0.09892439001410853,,,2.061049353118559,,,0.5088263164161076,-0.05657936275740012,-0.008345638291267322,,0.12763885390899976,,,,,,2.098358074966469,-0.24783039607486296,0.23830240195139746,,0.6430834035177623,-1.0640057155060798,0.4725359467164733
2012-11-30,-0.018931836211150126,,,0.6715444688453065,,,0.22011796155745203,0.09741478898709906,-0.2604721345009884,,0.17193925044651875,,,,,,1.806379198946733,0.34507998781639393,0.5869952278739617,,0.6476103434703451,-1.1568039612996144,0.48172085944893095
2012-12-31,-0.08137016755761813,,,1.6584131256762125,,,0.2844624133933964,0.10493170913774891,-0.034827937367040554,,0.4043400694161014,,,,,,2.0226663390379516,-0.23805403038778175,0.3103049516747439,,0.6865368619465709,-1.0380315879081512,0.4827500771172392
2013-01-31,-0.20259944696556353,,,0.9045702657123212,,,0.19049647073661702,-0.08282598772038811,-0.45682283634106796,,0.2229495713184792,,,,,,1.9288932821306872,0.3568360687117318,0.7890172314010891,,0.7244843556600714,-0.9607952040754586,0.5430341721986908
2013-02-28,-0.17145992359539947,,,1.4838260749688317,,,0.398550173192381,-0.07197033894938074,-0.023732425587724756,,0.10382589806059875,,,,,,1.9719200069558842,-0.19580690832637232,0.6291263143690823,,0.7306423581277227,-0.9309027468263856,0.20237595617176582
2013-03-31,0.025727244484574762,,,1.841798007853093,,,-0.09319246373380746,0.02813983713911694,-0.5004460552985373,,0.13260229966262743,,,,,,1.6409854704803113,1.050447176636794,0.9876689334353775,,0.7413222848018798,-0.9927122584784287,0.19958919365568314
2013-04-30,-0.14633515073634307,,,0.3921579841304696,,,0.6086032709418537,-0.09986169648937507,0.004858476436007189,,0.035435942235354845,,,,,,1.5411849693399595,0.39187936945637786,0.8792153414469872,,0.7764642027781908,-1.0768297311631327,0.40965027184150943
2013-05-31,-0.17874848142621136,,,1.2510545988236192,,,0.44435842697076033,0.03927318919194841,0.39179784922545924,,-0.002927611103516841,,,,,,1.438072221934524,-0.12062436990227092,0.5196888890407051,,0.7625432308096983,-0.8980943067998419,-0.10440595008232621
2013-06-30,-0.13546558175905282,,,0.3866172892883882,,,0.4996536661954872,0.058071262513558916,0.8595561679149074,,-0.05973985247719829,,,,,,1.4395083415254626,0.3647881871006761,0.44645880261636556,,0.706904624866279,-0.8579461181784559,-0.26437358743203915
2013-07-31,-0.24642713907617542,,,0.726246142907392,,,0.5709277197392504,-0.028961584563084074,-0.4150836596025662,,-0.11340129503647807,,,,,,1.5084773026025955,0.5760453237081014,0.8844234093860528,,0.7331121433619037,-0.7432474647988805,-0.09278353479363861
2013-08-31,-0.030793537968180885,,,0.8386226976967573,,,0.72969803294291,0.18881313254427354,0.7686160111376361,,-0.16799585708463494,,,,,,1.4693949701272375,-0.005784556363760051,0.42321844765307726,,0.7365548588377759,-0.5216616960562602,-0.3678079949366078
2013-09-30,0.09473001117805839,,,-0.05790387268707073,,,0.7895270756826896,0.268412213015543,0.5286290038913947,,-0.24549947215841572,,,,,,1.8990855281790475,-0.6541045001398648,0.4752873234084463,,0.7463549757988257,-0.6628781142603059,0.06336495468338474
2013-10-31,0.0024583882932633747,,,-0.0267002811100534,,,0.32014691389033684,0.3595956952866973,0.219603375978336,,-0.07811885214659695,,,,,,2.2490636786723304,0.5843711564901262,0.842318819687381,,0.789774565748919,-0.6328605153325145,0.10767899089973065
2013-11-30,-0.026238732858004713,,,1.2779805153532977,,,0.9858798698221256,0.2580601220500505,0.7784718118759005,,-0.2781590937440791,,,,,,1.9767987866985335,0.4380283179185336,0.8462654579814549,,0.8276318833049661,-0.6216241196762161,-0.10543266209600462
2013-12-31,-0.03395475729087252,,,0.037124315889843384,,,0.47954697822834885,0.1136152004029563,-0.05431138619492505,,-0.47664493803797564,,,,,,3.349018445388899,0.18373659681314392,0.8411661638629455,,0.834467431234969,-0.4720453290686655,-0.08787155626460391
2014-01-31,-0.11616998977977487,,,-0.07538485422239911,,,0.42605270854640337,-0.02504723017298681,-0.2828829741674085,,-0.33788920968974834,,,,,,4.452634868304798,-1.0990847729049453,0.23167591154024272,,0.8194525032617206,-0.30835194438624314,-0.4743248474738093
2014-02-28,-0.05421726630837855,,,-0.1543846245037468,,,0.12061010853691648,0.09417920389167318,-0.4624364645637603,,-0.1992239894865583,,,,,,5.03869782499572,0.8153846898153322,0.8030395103656324,,0.82996299919647,-0.42847885933684704,-0.2821774577246333
2014-03-31,0.0678404870729213,,,-0.24260311651206376,,,0.6450271486599923,0.299568691365706,0.4177348231187582,,-0.2719784016649171,,,,,,3.810114667663563,0.3099959781845382,0.8163128539201072,,0.8286138136773228,-0.7602839029901863,-0.2457635989489529
2014-04-30,0.10771398477520147,,,0.9791119145619266,,,-0.08349455989903022,0.3733313196528748,0.09642029558867972,,-0.22356486758212885,,,,,,6.129879011182252,0.42725347483289344,0.8748670449531949,,0.8208964943634698,-0.8129510288095738,-0.15876644887843774
2014-05-31,0.17423923637171818,,,0.27398035611801996,,,0.6276527405614605,0.3802557832145566,-0.44117277101210567,,-0.13849982998189045,,,,,,4.6171698528374705,1.6201322969090586,1.1323033998959149,,0.8377977730291195,-0.6455767798061816,-0.12653358266837086
2014-06-30,0.20378981910784197,,,0.28649756057283704,,,0.5279544538400688,0.41043022327998474,-0.6821198672411316,,-0.1553198792797142,,,,,,3.2947024485001295,0.7303791880531548,1.105958957005208,,0.8300548873683419,-0.5597236799325113,0.009986400666280716
2014-07-31,0.3210193009973155,,,0.9096203274972473,,,0.5214559822913561,0.6705709004537329,2.9227499092843665,,-0.11670831000007427,,,,,,3.2698094698057467,-1.3820482153928064,0.4048418844023903,,0.7895183478350082,-0.6039190491561937,-0.2954364296740775
2014-08-31,0.1519218825298871,,,0.23041900450858196,,,0.4078893483871436,0.39326093823205877,0.12494859444675228,,-0.2298244667797544,,,,,,4.03892474530514,1.4425896447195656,1.0489695837958235,,0.772792101595758,-0.6012879352983791,-0.3626448678564687
2014-09-30,0.10341077701844724,,,0.7837308250586021,,,0.5118910469911383,0.3923551383868505,-0.40165403573178954,,-0.2972922257052004,,,,,,3.488904134499912,-0.23002207283579823,0.4836219112617809,,0.7269050458135466,-0.5822358936630622,-1.0509486901028195
2014-10-31,0.12326536037144094,,,0.6024639347061224,,,0.8283489222210485,0.34597658741925075,-0.2951589203816756,,-0.46678793696708515,,,,,,2.940038001007141,1.283122380424618,0.7790591480172366,,0.6993712570895487,-0.5073203444703408,-1.1844721698458895
2014-11-30,0.20732809755967987,,,-0.465215386104001,,,0.4035633099875984,0.5030225498463786,-0.9121357309039657,,-0.3743849545955127,,,,,,3.0759280998584195,1.4446574944977295,0.8679161653540438,,0.7029517731227256,-0.37449549875127386,-1.6420027698907569
2014-12-31,0.16103340198669053,,,0.2194435772142324,,,0.7377026168876502,0.5094187445560228,-0.8556873706771174,,-0.32970189659303845,,,,,,6.272883334770367,-0.5125014823141572,0.10087890312905355,,0.631571422676752,-0.6027029188996404,-2.1309502896230486
2015-01-31,0.0658194188643735,,,0.8614583180088542,,,0.8805727316934259,0.6102929726854619,-0.2918573315606799,,-0.29245811064172383,,,,,,2.912832485749162,-0.34211318253435724,-0.1305204867808898,,0.5694416685036076,-0.9048024116300648,-2.809615618736534
2015-02-28,-0.23869278086312645,,,-0.3456973949119322,,,0.41418098896800865,0.28867114011378686,-0.8958834997910177,,-0.15450394740518392,,,,,,3.1330680590337137,2.0855424763331674,0.8670459938157814,,0.5870412495613412,-1.0470230240318172,-2.702875172566544
2015-03-31,-0.5186294518636614,,,-0.127444890845992,,,0.9300126430759559,0.20052125482397526,-0.5450424021219104,,-0.27098416814170223,,,,,,2.686859960374063,0.9064848634356072,0.6099643318483325,,0.5991232580267156,-0.8262112410947604,-2.9788452912674406
2015-04-30,-0.6555387483127405,,,0.5177769223303115,,,1.0880113476665116,0.2043665081010695,-0.7856979173375256,,-0.31029071739170533,,,,,,2.2574990607216296,0.7403764128830086,0.7053575804767864,,0.6038581979072782,-0.7955929020314078,-2.4332267880313054
2015-05-31,-0.8295389925331278,,,0.2208429253075102,,,0.6274599263927354,0.16320030801130844,-0.963694219117177,,-0.4273154309120422,,,,,,2.563272529885198,0.49361248662487156,0.7964908926809698,,0.6040029942408718,-0.6375537023291241,-2.6397358595336726
2015-06-30,-0.9665904125233409,,,1.2920331489298147,,,0.5749683684941364,0.0220454383730378,-0.6595980605117682,,-0.47761496913956336,,,,,,2.628530648026086,-0.7537952097601178,0.21904514940821831,,0.5968080792554017,-0.8324369565983204,-2.509058838938778
2015-07-31,-0.8757191936780867,,,0.15283194092541205,,,0.5971492553281273,0.07924270957655026,-2.497308400590335,,-0.5171048482072136,,,,,,2.008861385078255,1.7121766082175782,1.0200612299468697,,0.5602385067852446,-0.9666097443189652,-2.8479625638331587
2015-08-31,-0.8732314839498856,,,0.546401392706569,,,0.44718986033213587,0.12219906980811848,-0.8553613896685042,,-0.46153458674124137,,,,,,1.8500568738041925,-1.920818897324185,-1.1229609815721062,,0.48327075884217174,-0.9491026989200455,-3.05149750792822
2015-09-30,-0.9907953658326565,,,0.7512430618126489,,,0.3691257834741988,0.05533332638552347,-1.0185695110867656,,-0.41075157756481817,,,,,,5.982202623648674,-0.7660327128058184,-0.6044731267931838,,0.47075840000928737,-0.9913587735224075,-3.0518351223329514
2015-10-31,-1.0926966854193658,,,-0.15385376239035356,,,0.33663722416992664,0.02971569602548276,-0.5637785620226177,,-0.48590306004599343,,,,,,2.7204945878991205,1.6089102046836083,0.6362584381134737,,0.527292427422906,-1.016796690787415,-2.7417867844039985
2015-11-30,-1.370209692661556,,,0.6414171487632385,,,0.4920626916899697,-0.1779775752801826,-0.48177891838672043,,-0.34956910836343424,,,,,,2.124063324337815,0.8564561637336057,0.49550107696833956,,0.5054842520127352,-1.143632905002891,-2.9854394381485045
2015-12-31,-1.4653855604681916,,,0.20035303918327796,,,0.22942217938737755,-0.2139110807706049,-0.6102032736024862,,-0.39764201598389964,,,,,,4.030608525971839,0.1937568953331097,0.2205422444563053,,0.4293103083884253,-1.1166340597486453,-3.019780578093146
2016-01-31,-1.192374767312977,,,-0.06393655958606827,,,0.06960109312643824,-0.05052165998550312,-0.17153290296456153,,-0.2921330130869199,,,,,,2.1230250266144726,0.5867233273385877,-0.042499664887807855,,0.3707144206775882,-1.2500688598542713,-3.222803224192784
2016-02-29,-1.1647547629126627,,,1.5474300917693369,,,0.7737304899115448,-0.002418930882887875,-0.32511102779669404,,-0.39958613955952954,,,,,,1.8768109558016635,0.21369164563886378,-0.08870721483968955,,0.38694753543657545,-1.2760763395429584,-2.8935291186994236
2016-03-31,-1.2467142666411,,,0.5798313734698072,,,0.050503698470345006,-0.119466406202635,-0.7698981639324081,,-0.23360951431002214,,,,,,2.6134500996560726,1.6154366027489016,0.7846875688343944,,0.43643905319908605,-1.3005998201757982,-2.178648912046181
2016-04-30,-1.0608912445027248,,,-0.19276121341502325,,,-0.06800842473767682,-0.16887970025832094,-0.1294458434781328,,-0.10963107230891622,,,,,,1.6207667816189901,1.1221802496801372,0.5512896468898287,,0.4498326948895869,-1.306557095693633,-1.9737781207410927
2016-05-31,-1.0140542382333244,,,0.17938986808548887,,,0.28332288980177844,-0.2198922154689966,-0.09735000430631022,,-0.03033111470111778,,,,,,2.010049571502865,1.0778959017269738,0.750063747632151,,0.4382323005367853,-1.4639760818123004,-2.4386032715714836
2016-06-30,-0.8477212656510353,,,-0.10271421043308422,,,0.2996228205896321,-0.12676468715220054,-1.184205057310564,,-0.010864802860117151,,,,,,2.791927624247569,0.9190838282033404,0.557453632949423,,0.4136752197635082,-1.369796218255955,-2.337140765374001
2016-07-31,-0.9571941793335138,,,0.25356044969112007,,,0.1344812555014007,-0.2883370612724108,-0.7863960314927382,,0.023376394884599975,,,,,,1.8976537386541095,2.1776726197684355,1.0544118883017999,,0.42342816797188043,-1.4797865683885751,-2.24056723777995
2016-08-31,-0.948584962956938,,,0.06017067398340721,,,0.3780997280353722,-0.3220377037777436,-0.4896188009303313,,0.10381332869097278,,,,,,2.846036991710441,1.3111882629738876,0.8458648440167674,,0.41833533869514755,-1.5117201613642084,-2.2589678782307043
2016-09-30,-0.9105563580291579,,,-0.6451544861906584,,,0.502894054814249,-0.24098772987454492,-0.306224693350724,,0.10051405849483964,,,,,,3.514140122005681,1.5545261589168586,0.8608298097981926,,0.40303589618406993,-1.4926285164820452,-2.1905543055523227
2016-10-31,-0.8039607737269827,,,0.9432254137796122,,,0.24828044595278773,-0.19903494429919574,-0.007503570069074837,,0.13513252891316394,,,,,,2.3531102474636376,-0.40290047322034483,0.35807170497971713,,0.4406975524159373,-1.3922664372653926,-2.3650168397216538
2016-11-30,-0.7351389330661715,,,-0.21454161443284891,,,0.25432398350128715,-0.16303795856853542,-0.6198713196131813,,0.1011868845935815,,,,,,2.923590984451507,1.3270384922796787,0.8532601244570621,,0.48762718587343284,-1.1167549186423475,-2.769278478056466
2016-12-31,-0.484474761769695,,,0.30260957453737647,,,0.6123052946527255,-0.09776363321007916,-0.20622314030927824,,-0.031602853536105924,,,,,,3.6708033419212174,1.0323849686165634,0.7566844750231927,,0.5214944000248094,-0.7819400994495087,-2.7508179022159602
2017-01-31,-0.6516671048392296,,,0.2904281006815546,,,0.7464124336508305,-0.13136768247679886,-0.6823746209917869,,-0.1864665067486683,,,,,,1.958858496869454,1.299585703125939,1.0271303391696291,,0.5385774399894886,-0.7312868132267168,-2.416341776791371
2017-02-28,-0.6258180585971572,,,0.06456044710879329,,,0.8966953151820977,-0.0654107020255644,-0.08473945133252699,,-0.21706624662950455,,,,,,2.41217263265057,1.0517743868930762,0.9004605824872256,,0.5388821726401325,-0.7391358523923385,-2.330486226458729
2017-03-31,-0.32401721795941346,,,0.20967334089130527,,,0.6694725955521428,-0.09141113638251491,-0.09315266890242134,,-0.19788192755069614,,,,,,2.9836873674984803,0.1825817235237934,0.9710119227066893,,0.5317334808583666,-0.8584825924742775,-2.1367148147617523
2017-04-30,-0.17691537773341062,,,-0.16171629241949884,,,0.8350582949139986,0.19648785966443125,-0.5181577552090171,,-0.2716039795871111,,,,,,1.8410535446558385,1.161492426178305,1.1737411982411747,,0.5572282284296192,-0.9361207464631286,-2.093092432710611
2017-05-31,-0.10130306441219361,,,-0.06424154122198697,,,0.24909033874640465,0.21718852788408963,-0.32065109245272344,,-0.3106505293815034,,,,,,2.811084257447863,1.3165851820867862,1.2237914833260313,,0.5920238798978017,-0.9536028132585604,-1.8830096908439227
2017-06-30,-0.1592837745366624,,,0.06767972708383746,,,0.33720448108889944,0.22245784170102817,1.0718043212552575,,-0.41846993402448246,,,,,,2.7600976188031527,0.9479049606522385,1.1172671890716688,,0.6137090834775939,-0.9646478704357734,-1.7040651497725057
2017-07-31,-0.237033647440926,,,-0.21403401093701283,,,0.43661436683982574,0.16753993608370898,-0.22055854911244685,,-0.4184532957669877,,,,,,1.5814725945243562,1.3128025605376359,1.2351808357247538,,0.6204249096063315,-0.734016665454665,-1.4333496967764627
2017-08-31,-0.2942731884223803,,,-0.14263155587637474,,,0.3197119823126491,0.2524709157861575,-0.12833237135177336,,-0.48854861650003184,,,,,,1.8796175200667,2.0161953481071064,1.186888682204469,,0.6028393431908123,-0.6147955528448993,-1.366649681844574
2017-09-30,-0.24851274447132513,,,0.36220736167729023,,,-0.1701013077857102,0.25066408553542174,0.20253065695595293,,-0.5423252711059678,,,,,,2.3106214368739377,2.0490327196894644,1.3251478023204355,,0.6114568414226454,-0.7271775280050045,-1.4344013873169565
2017-10-31,0.017192205114285687,,,-0.2842818019092549,,,0.4901498286956783,0.47371475615320074,-0.4962625594915607,,-0.583448770423689,,,,,,1.5408526852318267,1.2351314129676318,1.231384707945807,,0.6350309404942646,-0.4881434091455667,-1.6127821926290584
2017-11-30,0.16296217634568863,,,0.40994355177624536,,,0.28896958512796767,0.5243578924488062,0.3150098997701316,,-0.7008432413990607,,,,,,1.1594895870823425,0.6704212408286054,1.081702175278706,,0.6417271757796348,-0.4851200147347572,-1.4424046536897739
2017-12-31,0.0548047365043041,,,-0.3601462182532533,,,-0.004267808505442673,0.48155596356657066,0.661764542521121,,-0.6729380738725994,,,,,,1.784415575562877,0.9474300097440155,1.109877804340869,,0.6530970108195474,-0.45107305258214925,-1.3837621325749085
2018-01-31,0.11283400296233577,,,0.3011343995049679,,,0.32075915687673257,0.3943711384434004,0.09196834916132111,,-0.8372578858984608,,,,,,1.2439168545141652,0.08767823421691837,0.7760472856140967,,0.6429050888974956,-0.4780947078028573,-0.9980622910858733
2018-02-28,0.25671067608505527,,,-0.07847057909678408,,,0.175623231380032,0.5940013850436942,0.3648629569970617,,-0.9193205364943018,,,,,,1.0086281445488103,-1.0816713411901058,-0.06227398754341019,,0.5849210677151041,-0.5182173044272115,-1.173897777000098
2018-03-31,0.21857374335237076,,,0.3710057136001629,,,0.14919399189882362,0.6407213219630148,0.6127510545104246,,-0.9381891598366324,,,,,,0.8514584104473225,-0.7311470452762837,-0.07812622833442609,,0.5392000611370703,-0.6008455764170204,-1.061878809884705
2018-04-30,0.23681719424168649,,,0.39631980704033193,,,0.5297239079726163,0.5275558357388421,0.5357223505470318,,-1.0282395737178969,,,,,,0.7299025005222907,-0.02898734172497748,0.45943950322931554,,0.5780138740148533,-0.5948165550200125,-1.2629333588039828
2018-05-31,0.008121429459542116,,,0.6558111717752932,,,0.6374766158143749,0.3685164905715916,0.5907124326501813,,-1.0080045985840893,,,,,,0.7763054639050765,-0.3751662471481718,0.5251653865912586,,0.6017554625254566,-0.5541196684794557,-1.547472995710627
2018-06-30,0.13484476097415757,,,-0.3015629834475003,,,0.42530331974666685,0.46330949891072054,-0.02954081502656686,,-0.9260700749516189,,,,,,0.8787487302176918,-0.29202432216974084,0.43625540737607965,,0.575664877890914,-0.46610526245013223,-1.669932636953331
2018-07-31,0.22469355493148,,,-0.09402311571117888,,,0.7873988125939037,0.5365168535604259,0.48574385207785353,,-0.9922153162456886,,,,,,0.801940171934621,0.7189680332062337,0.86994680053375,,0.5975608817984553,-0.6742535351982168,-1.5913022703239745
2018-08-31,0.4639309822817599,,,0.3869570615184627,,,0.7429212898496892,0.5940783040126069,0.7425161049555777,,-1.0102138735123254,,,,,,0.6741921833673622,0.8996987291082643,0.863734310783187,,0.6297780350053748,-0.685108978850534,-1.7410733850184876
2018-09-30,0.4547746642998965,,,0.15449814382057392,,,0.9577805127497105,0.5706782560801541,0.4915555244504954,,-1.0735046731529392,,,,,,0.6530257843708399,1.265719609859201,0.9600736021932844,,0.6252464377625323,-0.6364190133115026,-1.6678779296870028
2018-10-31,0.1526220841458955,,,-0.22814224269174851,,,0.5453305462969724,0.2467300179674859,0.13276903909351132,,-1.1819435096512658,,,,,,0.6977562898145585,-1.1736570755074942,-0.2587293065334781,,0.5858775677107784,-0.5651830623183134,-1.9384160013529685
2018-11-30,0.11662904366204731,,,-0.41972855116721924,,,0.17742456278497962,0.16140105697883966,-0.07344253769535651,,-1.224147291114589,,,,,,0.6307782975035304,-0.5407917342373915,0.1645068176783666,,0.49942862809121097,-0.6287226696500231,-1.896897216896223
2018-12-31,0.07818845853050625,,,-0.40785788186228505,,,0.24997953006596396,0.2615845477843585,-0.2431397496696333,,-1.0671342533925776,,,,,,0.7507733695720803,-2.034990633576447,-0.8198968276471502,,0.4658738282782661,-0.7147311296762684,-1.7805270360857162
2019-01-31,-0.07054976273668859,,,-0.3481463544854964,,,-0.06051715671860999,0.12621027933388762,0.0246241598490104,,-0.9370850884833468,,,,,,0.7786113079465062,-0.12339299225480116,0.36774553348226097,,0.5408902374743008,-0.8575329220574995,-1.5456459610203774
2019-02-28,-0.2460723868173342,,,-0.6383144321641362,,,-0.04570287443626432,-0.17291431976107152,-0.5224648843769704,,-0.9459734758865639,,,,,,0.7901815098485278,-0.007575700965215388,0.6071889675582617,,0.611103300216595,-0.7670498419178736,-1.597094820810442
2019-03-31,-0.3455459706685916,,,-0.5238698193534687,,,0.6451061072728252,-0.21797939877520947,-0.4614607652381869,,-0.979343715112,,,,,,0.7186529491432542,0.659124223405322,0.7494893478499302,,0.6339943739824272,-0.6590716386858559,-1.6769161218362896
2019-04-30,-0.7131959434012748,,,-0.11212565685089299,,,-0.27368570322573577,-0.48603673269938996,-0.7465048332260211,,-0.9466962641543721,,,,,,0.9176650634876375,0.7385811369552222,0.8269414798405025,,0.6407892298372655,-0.6635441158604265,-1.6768309329394837
2019-05-31,-0.48989278813080406,,,-0.3064179593406056,,,0.06174321912298271,-0.3234902884486396,-1.0408880101469924,,-0.8250122620900942,,,,,,0.8785160139226601,-1.0217357030983834,0.07387535937253244,,0.6088078494420199,-0.8173116228366174,-1.8005104542854604
2019-06-30,-0.648787613639357,,,0.0913368339700451,,,0.10269274214464666,-0.3672740467621174,-1.046840088472356,,-0.7023107586567002,,,,,,0.9220584440648644,-0.2897394353502787,0.5624735859853889,,0.6024146366330714,-0.9659640256422136,-1.5584791541969882
2019-07-31,-0.7884948388237945,,,0.019186447282010455,,,0.0841667046591013,-0.5201895793410161,-0.5777435107199562,,-0.596121044953029,,,,,,1.1732063930509888,-0.4795581228142805,0.42135434560214374,,0.6036044513998876,-1.0529829719301724,-1.635054801154198
2019-08-31,-0.7791134069703742,,,0.20090898263604778,,,-0.027291085174513587,-0.4328778123853458,-0.8969171255567253,,-0.5098044531735677,,,,,,1.01275531625647,-0.7186678178591154,0.03470109158144132,,0.5555364301740172,-1.2682388459033385,-1.885084029684467
2019-09-30,-0.8653197418823809,,,0.11768161510190464,,,-0.05000698201059711,-0.5917388966517338,-1.1157936719240837,,-0.3942801742904043,,,,,,1.0343977485003877,0.18523105285988425,0.40494612227164295,,0.5397488363467905,-1.3097409589984177,-1.8383036910046242
2019-10-31,-1.022390936611562,,,0.2788590893803972,,,0.08342685925393027,-0.6696260164891503,-0.8022589084316463,,-0.10034946760351894,,,,,,1.0229877371137992,1.2631454747618671,0.8123463970409145,,0.5761451423418962,-1.2549078065321206,-1.6122958414356825
2019-11-30,-0.9302915868349667,,,0.5467958066823387,,,0.18046347777724464,-0.44975351526070656,-0.9909541628861878,,0.09623459126637393,,,,,,0.9637561260347111,1.38395145624864,0.8914647388599459,,0.5944708979514027,-1.2017560779048921,-1.714687773735159
2019-12-31,-0.983997726218608,,,1.7321437224383875,,,0.19954444915070466,-0.483435640277252,-1.121149163006697,,-0.04303032005109996,,,,,,0.7600649973086258,0.645803836776765,0.7325678028257491,,0.5785958741205653,-1.0990735731091845,-1.4527827105879194
2020-01-31,-0.9804246303481172,,,1.1790052598376808,,,0.5432126062388681,-0.35208118334541455,-0.385215558560535,,-0.0387532434340325,,,,,,0.616021465518414,-1.2697772193806312,0.04577854208388603,,0.6406368155853813,-1.195368726676097,-1.5445654765816865
2020-02-29,-0.7885200806725913,,,1.583368020907001,,,0.18792169423952182,-0.18852972445261246,0.07869739774054355,,-0.00042782451984738426,,,,,,0.5193115402634341,-5.16807429915586,-2.8096785405573805,,0.3327868996189914,-1.3579111778161748,-1.7173844753474399
2020-03-31,-1.6400496471470842,,,0.1710345058972949,,,-23.876023236986995,-1.0616413402311855,-1.7119142785931656,,1.1151948583700675,,,,,,1.4943132379117694,-2.247328356358474,-4.480860697368224,,-0.20348580743416295,-1.6031787766160095,-2.1670879177012043
2020-04-30,-4.21010746828159,,,-1.2762338739482415,,,-10.833435901123325,-3.867910313380557,-3.0310472763239282,,3.3585049714799275,,,,,,0.8543827886197549,-0.6373330866731037,-1.9285548344369026,,-0.09945638745324772,-1.602520107727977,-2.11252240236599
2020-05-31,-3.8810913399191147,,,-0.974641299688643,,,-4.67848733131497,-3.1210856598598222,-1.9531140795245896,,4.922179433300586,,,,,,0.6742510374238839,0.15097331879582504,-1.0590550115930353,,0.30779692417352106,-1.6274795541514067,-1.949738824545756
2020-06-30,-2.6930180847153085,,,-0.022254231297136447,,,-3.891737201051585,-1.857493916001957,-1.1852752686352674,,5.091809265475168,,,,,,0.5054634987295263,-0.17358816765494134,-1.4339695956439185,,0.4181807261904217,-1.4694714504439037,-1.8781031937749735
2020-07-31,-1.8761816979882318,,,0.917059586771495,,,-3.6401738164722417,-1.0400406420905615,-0.4675287622651673,,5.076099516704526,,,,,,0.4805837610713008,1.1799654797157284,-0.6549785799478256,,0.5036732226677708,-1.3389155159700525,-1.5493378137226796
2020-08-31,-1.811984563022749,,,-0.038098271872867275,,,-2.1611349554338335,-0.8498317588699608,-0.3945075374892806,,4.902674881760155,,,,,,0.45102648523950756,1.100408863697182,-0.9069501571247823,,0.5337028992199507,-1.5261691458573932,-1.398471956920048
2020-09-30,-1.7363128842009434,,,0.4421664587521045,,,-1.8640110807430914,-0.6699269452391508,-0.09592270896004883,,4.997666989727146,,,,,,0.3941040170403492,1.0419964156899042,-0.8995214265282201,,0.5187962231320778,-1.4102940146861727,-1.498022078459901
2020-10-31,-1.4024722463665042,,,0.6233708914317911,,,-1.7836816215034934,-0.28965659197177424,0.17483840770377468,,4.86548241198078,,,,,,0.3692898027697685,-1.5386619885653552,-2.396913736439686,,0.5316318086087557,-1.3538046174718348,-1.4088319181944482
2020-11-30,-1.4285802529179958,,,0.5157253670574142,,,-1.4872004250920492,-0.33747395994199025,0.5492000373504368,,4.950901499610686,,,,,,0.3398845166989407,0.8973400494358482,-0.13537963074811768,,0.5894157540809951,-1.2632380496350468,-1.1252802316664905
2020-12-31,-1.1133189644481911,,,0.08079256246022379,,,-1.5949312917335299,-0.20366203831452998,0.5847356358265489,,4.9451762971857525,,,,,,0.4237169775675573,0.24049582238228534,-0.4176022216975896,,0.6232063991938489,-0.9466520915301448,-0.9391962997323188
2021-01-31,-0.8686435274015303,,,0.012077376330190431,,,-1.9314130249691632,0.05107734065455811,0.4094159249316568,,5.125229823079114,,,,,,0.4284046797990807,-0.6837570562221023,-1.7512024314250565,,0.6368484236379142,-1.0131985832114934,-0.9938982914164185
2021-02-28,-1.614274326039959,,,-0.5426888186127548,,,-1.532082309429766,-0.7959512314203362,0.18318392192408578,,5.3116065071253,,,,,,0.38993641018026726,-0.290331893416349,-1.0821945371035218,,0.6437684661067131,-0.7517697922879937,-1.0710149117709722
2021-03-31,-0.2032698191747793,,,1.374070938422058,,,0.7393674975946343,0.7654893929045169,2.0241073835886936,,4.468973696611426,,,,,,1.437880777349539,0.5378486848153408,0.025107264152718613,,0.6640964702796379,-0.43577407993131656,-1.157742568448696
2021-04-30,3.05452352754532,,,2.5055029537576825,,,0.6983352926392344,4.492367493084997,4.624799880026511,,2.9231174482466264,,,,,,1.6447122785103512,0.9292547379779601,0.12738737618600962,,0.6949406393480966,-0.3746003906232123,-0.9874937965890334
2021-05-31,2.8484654514365264,,,2.2683296314378962,,,0.6300690869680508,3.6823388988841597,3.11855239076984,,1.8233997671881925,,,,,,3.585982372143177,1.2223524501305727,0.3670697688031809,,0.7046386650443055,-0.22606079582871055,-0.8577041606319209
2021-06-30,1.4445708915843176,,,1.2688988575270799,,,0.6336719820130983,1.983009514041304,2.2035403148202737,,1.4301957082404044,,,,,,6.824271449380287,1.296362829332752,0.4871776967014845,,0.6970534290105895,-0.5097608589665936,-1.022399211089087
2021-07-31,0.7231497791119774,,,0.09458357381090518,,,0.5996856629480065,1.3903731367852947,1.1625707335819118,,1.4066856948080269,,,,,,6.001313374221301,1.154874311270019,0.173309561437545,,0.6674045673988461,-0.43944733503502187,-1.0279018882483273
2021-08-31,0.4645210664186328,,,0.512948096478908,,,0.5272192277724634,0.9448110584378476,1.208211077887484,,1.5766950505770223,,,,,,6.366406840811518,1.3290136585859509,0.40203225986718977,,0.6579684033946929,-0.45841893258954386,-1.063195145950681
2021-09-30,0.20393990377988108,,,0.18842469689653085,,,0.4755824324129562,0.6700477524299568,0.8406312989737121,,1.4651502673768098,,,,,,6.974043125414366,-0.6302047088168113,-0.46601786472677387,,0.6639208140330963,-0.47904462852513763,-1.2006702688551534
2021-10-31,0.3185217819456354,,,0.005135013309903274,,,0.5715878513136563,0.7193147093516863,0.7528468100435501,,1.468013967335227,,,,,,6.377513050660039,1.4288026434594432,0.4317310674864414,,0.6323749503072097,-0.24690225809759225,-1.1457682446232953
2021-11-30,0.38805848597084486,,,0.34932343272702876,,,0.598171053198414,0.7107107432252288,0.9129397156877516,,1.3339368246739338,,,,,,5.980209856518046,-0.6001628856043688,-0.9944887426611305,,0.5643147400712683,-0.324892981690439,-1.332033689255783
2021-12-31,0.04290950994568321,,,0.14445434418887373,,,0.611295616409114,0.5110187726547889,1.0415697854594763,,1.371279617794726,,,,,,6.032931677979673,1.5546936523130823,0.30840312677551157,,0.56755769560874,-0.36911596540560376,-1.2365470110535157
2022-01-31,-0.15113559929665957,,,0.06626580504330862,,,0.6056045200443593,0.12388403210492697,0.8260846347629052,,1.1730479869646635,,,,,,5.508629853339979,-0.10315865620627149,-0.686280365585865,,0.5534623326859751,-0.33337323898581034,-1.254766219492846
2022-02-28,0.70872805309883,,,0.9306578147767527,,,0.5993183881711357,1.0516475349683791,0.6240992881483549,,0.8799896740792184,,,,,,5.439607520254163,-1.2062805514270323,-1.377835192857524,,0.45360066985325437,-0.2806739592048794,-1.2145880397924285
2022-03-31,0.21110373170503974,,,-0.09227411505231049,,,0.5771745321934425,0.5122966839584336,0.5478223415682426,,0.6236145534817152,,,,,,5.231294241693151,0.9144546039551901,-0.12314793865535242,,0.39045575722425385,-0.3906187509976463,-1.2068499341971368
2022-04-30,0.183497785291081,,,0.824146746964637,,,0.537157284715125,0.44547828281104407,0.6510925558454584,,0.17057335185381112,,,,,,5.059764796572089,-1.081906129197991,-1.7951110660196865,,0.3543715366274548,-0.41738747576280705,-1.593368963517832
2022-05-31,-0.028843525303359274,,,-0.2750331815794442,,,0.47428100829085806,0.13117693188719842,0.619143123758326,,-0.28564960399996736,,,,,,5.173873939732619,-0.22598872748162294,-0.8515609330315317,,0.2786876831299255,-0.5490726913790237,-1.4487288748348155
2022-06-30,-0.17339950733050818,,,-0.4132370342113587,,,0.394241643596031,0.010052017421115044,0.6253664730547723,,-0.397473574174311,,,,,,5.381624285916332,-0.5942150050002479,-1.1771808648689803,,0.1952833829447752,-0.6125685133443438,-1.7016824772633024
2022-07-31,-0.22638299495907183,,,-0.7299460582921121,,,0.3754241242337166,-0.16869122885701357,0.569807490488847,,-0.605042740783964,,,,,,5.059039245428968,0.24976875060263842,-0.21318089807433285,,0.24060511801728585,-0.9323429345288688,-1.7577782207295207
2022-08-31,-0.20865492316109396,,,-0.301486088110482,,,0.3799179928277123,-0.08774009495588088,0.31274739223720527,,-0.896637929716294,,,,,,4.880367655061665,-0.6479499196465904,-0.8050654373900715,,0.24621098695534727,-0.8112822543708197,-1.898609054482036
2022-09-30,0.08794329941259209,,,-0.3910542516027418,,,0.44350319811269134,0.14562511032245112,0.5058753459061216,,-1.2041897182485655,,,,,,4.846295024157236,-0.9076595584505118,-1.5504202207646824,,0.1316264973004802,-0.8001920383628941,-2.229569049806085
2022-10-31,-0.20612134157934583,,,-0.5179302882599695,,,0.24925694280094882,-0.08260309429915585,0.5018620244896187,,-1.5223143781919264,,,,,,4.346797143533625,-0.5272814343966571,-0.7992964859626716,,0.1499506013929591,-0.8133139273520673,-2.206415733659916
2022-11-30,-0.4113858128244484,,,-0.8339909605952891,,,0.12437467130439736,-0.3544272220680847,0.040171069974956036,,-1.8024158109586292,,,,,,4.188382737426575,0.5286060438533388,-0.10683511909024573,,0.2032230057716145,-0.6066758974132792,-1.8178439065084053
2022-12-31,-0.5985643821396911,,,-1.2003995821521007,,,0.12500071278291522,-0.6658333986190478,0.20775619105642373,,-2.132825085806837,,,,,,4.25667193166079,0.31370874416705546,-0.24906392967226723,,0.24385791474708476,-0.7073692192271832,-1.6163600052140936
2023-01-31,-0.3618256620544036,,,-0.9994653294841643,,,0.1822618791128025,-0.1646008742607141,-0.057418259450903175,,-2.3156394484208094,,,,,,3.7456330848368773,-0.17711402292140235,0.048125154674106094,,0.3253156308479617,-0.6064469245172589,-1.3886617000338668
2023-02-28,-0.46321155573405604,,,-0.9790477192283484,,,0.08796559438074215,-0.2770307132848241,-0.19588153789467375,,-2.4339012482027695,,,,,,3.725679795965676,-0.649632840389349,-0.12216517300239402,,0.29000560765796557,-0.7200023326061737,-1.5839944392209806
2023-03-31,-0.5053085729299763,,,-0.9901033462291924,,,0.016336640685586233,-0.5081941324357427,0.07102491586116637,,-2.8377667115800795,,,,,,3.8712578498503496,0.4572107076225915,0.14020632983504286,,0.1748622924577932,-0.6293452938842063,-1.399243858581675
2023-04-30,-0.4666382173184435,,,-1.2566153294811886,,,0.1011507941561853,-0.3309334080924489,0.04545304290010902,,-3.0131601586426857,,,,,,3.75955099805948,1.3499570887633214,0.5231693675426248,,0.21272312207980207,-0.8650506670094289,-1.3775813875401115
2023-05-31,-0.5116537745429852,,,0.07030931720136843,,,-0.025614972849807568,-0.2868061380067237,0.04447963171079304,,-2.8553255793702808,,,,,,3.6134184526160946,0.3634588144932371,0.23869171465892333,,0.23400054869999834,-1.0189127126914073,-1.5187562902424345
2023-06-30,-0.6146491090287536,,,-0.5012121844058036,,,0.0018125993870275266,-0.3207595170674774,0.30378723441997246,,-2.7942654013284662,,,,,,3.0019152310356825,0.8449379664011093,0.809967866658245,,0.2484433446343653,-0.9228618250969379,-1.3683400426910282
2023-07-31,-0.49200156307267806,,,0.15402276180088073,,,0.05247264284323464,-0.2639405765035046,-0.033479406234593834,,-2.785970197109673,,,,,,2.6369546032370272,0.8040299603924428,0.8030540817077177,,0.29901715076216984,-0.8435813249690084,-1.2263951478371695
2023-08-31,-0.4791889415526331,,,-0.7259023239639342,,,0.0009411060432603441,-0.27032777736862695,-0.09874890119501761,,-2.766782374445393,,,,,,2.4934984887837945,0.7877402293062615,0.8093018013273611,,0.3515298299228519,-0.9132618087466623,-1.4261210163645452
2023-09-30,-0.4814839197457471,,,-0.4477904075296431,,,-0.015564219795592145,-0.26819280539581297,0.19787492649974842,,-2.670023321246011,,,,,,2.097485480557014,-0.37490112298099865,0.28797867372370145,,0.3306826433048488,-0.902310996746658,-1.594432327172205
2023-10-31,-0.5884322971419913,,,-0.3133771975861931,,,0.030277756805148548,-0.4213930635502844,-0.35673230831498487,,-2.587507983867354,,,,,,1.5508451559583254,-0.17885471783738005,0.2058540390930739,,0.3039711765189563,-0.8714652072527805,-1.7113883978331228
2023-11-30,-0.44285493475732074,,,0.16561032437411963,,,0.0706481078035708,-0.19034807727277053,0.3273209532944687,,-2.4957667568767614,,,,,,1.317447304527911,0.9832106602806052,0.8939009548855094,,0.3370064656002938,-0.9992335240411532,-1.3908019935928364
2023-12-31,-0.24531093911017782,,,0.6091207634552296,,,0.1025176845955349,0.14169194534137017,0.025564000009355697,,-2.3176049815975426,,,,,,1.1775464351747043,1.2350730238143617,0.9538053533466906,,0.38178867975023073,-0.9758431888681411,-1.2262255858100095
2024-01-31,-0.6940427004191331,,,-0.044316420259450685,,,-0.010887109030417922,-0.4976362730509195,-0.5886201351612936,,-2.2176932582142603,,,,,,0.88962456849757,0.20146721509373544,0.7012752447779583,,0.4108615734230594,-1.014410958238811,-1.3902953347139193
2024-02-29,-0.4975138284996033,,,0.4038243085340926,,,0.06687430676427558,-0.25407640030251255,-0.2571872106579039,,-2.071157213031354,,,,,,0.7828642286085934,0.22078763097927573,0.82528149160663,,0.43893804615595106,-1.000999428130542,-1.4444343471406853
2024-03-31,-0.5401566912801425,,,-0.33757909799043223,,,0.11913750327354294,-0.10091835405626244,-0.380534330112843,,-1.670626374446477,,,,,,0.726005920841656,0.7296010539219582,0.8750207549641921,,0.44343734078892155,-1.0151394791801325,-1.4205097682940941
2024-04-30,-0.633089759041441,,,0.009772923763464631,,,0.10518269191965782,-0.3839073199629233,-0.42318129676616695,,-1.4649948580204104,,,,,,0.6279164869500421,-0.35364570238053517,0.5246520268168401,1.2266970800141361,0.42435856695199903,-0.9659071188195232,-1.5762489823782888
2024-05-31,-0.43415951412779946,,,-0.8919175418074716,,,0.11329639649227576,-0.23554838868317712,-0.4124221903357436,,-1.4706823245921814,,,,,,0.6494428266388699,0.4211856035930951,0.8845294159043986,1.0808270385309746,0.4210192948842058,-0.8307303335934799,-1.4895301489844999
2024-06-30,-0.25525066095810695,,,-0.4319856160421456,,,0.07800294882299112,-0.13665519229203485,-1.021154028139644,,-1.3755502741331884,,,,,,0.7312095109289383,0.7263169679589666,0.9459857625132198,0.9829685338026608,0.39309099276388115,-0.9705557730298927,-1.65516291830066
2024-07-31,-0.616331738921603,,,-0.707286513322785,,,0.0532065401299535,-0.3725097054199698,-0.3174795623802372,,-1.3314663643949436,,,,,,0.6282322722748788,-0.6184995173984715,0.4256826591264149,0.8485715595106321,0.3740355905771216,-1.034174529470385,-1.593759785121595
2024-08-31,-0.5053856110468516,,,0.14093476050583717,,,0.10625139296038223,-0.27323581028661265,-0.289747030713443,,-1.2050905872219788,,,,,,0.6094583187406659,0.6798459951607475,0.605169163052686,0.9511926918619624,0.4032552377570343,-1.1823242734273538,-1.4724629781421426
2024-09-30,-0.6744546591782614,,,-0.1473810812751792,,,0.04646085957621185,-0.3958290222482319,-0.4964047072580584,,-1.070902149995469,,,,,,0.6554691874971404,0.5538939981977788,0.37489772407911337,1.151001620237337,0.43837358839515117,-1.190995769104221,-1.3759149954276473
2024-10-31,-0.6298352064894795,,,-0.14042151534376007,,,0.07725473311903149,-0.43700353439895856,-0.07476129927824682,,-0.9780926872804645,,,,,,0.33944777351230593,-1.3598549755996563,-0.47923866531119425,1.336369773137945,0.4547342557699736,-1.245269630744886,-1.6572960002478951
2024-11-30,-0.7492840153192118,,,-0.7648744287576917,,,0.05275632066922547,-0.4797907965648625,-0.6365179537771878,,-0.8520430534137806,,,,,,0.2509191296082036,1.0519612858862883,0.8032942068667446,1.4695511033579776,0.4829256303811718,-1.3746320364617661,-1.7896125845332278
2024-12-31,-0.47440179110510194,,,-0.13647896927071224,,,0.03957771234310778,-0.3997212062615416,-0.7384317628888837,,-0.849467033134332,,,,,,0.24554805305706154,0.004675745933889866,0.29171689184228716,1.0652498482887518,0.4913519658269592,-1.3598286722866868,-1.9922940960431081
2025-01-31,-0.23397489612691258,,,-0.18823959099601603,,,0.12989395273276136,-0.18121126603997317,0.04391412553703124,,-0.8554011060390456,,,,,,0.13783047290769895,0.2894198047994519,0.4137502043652231,1.4051686142210462,0.5145901162887173,-1.353862166189207,-1.9068565015769698
2025-02-28,-0.2417016665900645,,,-0.2920244907712697,,,-0.017560458474079246,-0.18906325857741735,0.06739723551781272,,-0.8785865361199836,,,,,,0.16122034116521797,-0.7349770432222084,-0.013121901371817913,1.006711144041004,0.4864149739832829,-1.4400191182103985,-1.871568058303469
2025-03-31,-0.2910996559755576,,,0.06497060746117941,,,0.09393731426090408,-0.13355227057139082,0.6334612465434379,,-0.8400574991387144,,,,,,0.34066379849799,-1.2506053663349008,-0.3665671478410324,-0.23467020638278555,0.41770702937788584,-1.37561708085702,-1.727699527936517
2025-04-30,-0.2261582507028787,,,-0.03708130802971176,,,-0.03092053722572914,-0.052735505283339035,-0.0423236714905593,,-0.7266363731663191,,,,,,0.34536826662822273,-0.6544687331468121,-0.6889168620621618,-0.9274882896127145,0.3985250417548325,-1.6217377626049232,-1.3835747640428266
2025-05-31,-0.39328836316501475,,,-0.24221778614313913,,,0.002915646180108037,-0.19766227388557944,1.5693175052456967,,-0.7316684949190714,,,,,,0.2087986166542844,0.5905239080131702,0.13100576750215998,0.23229319611363228,0.47245049396067157,-1.6299432829186973,-1.3088138553569773
2025-06-30,-0.29050783705524885,,,0.10396190781936646,,,0.1059209868242226,-0.10309820382258834,0.7109166923024672,,-0.6668867983723102,,,,,,0.27016726551960285,0.6891381955789576,0.37694373417196236,0.8900489215115602,0.5017350825082083,-1.5839421716792088,-1.1119557891678973
2025-07-31,-0.0027868063654950094,,,0.4762850317370086,,,0.17097975445274702,0.15009626207053214,-0.004226254978677511,,-0.6046584721683503,,,,,,0.17920358561674213,0.5230315940054975,0.37777883397001283,1.0397619068704222,0.5230664283266524,-1.5868765819385378,-1.2921827945328026
2025-08-31,-0.159608374477303,,,-0.4418158932589217,,,0.05421893929939454,0.05173467716593625,0.4046103374964445,,-0.6369822646122023,,,,,,-0.02687239172780305,0.9824933527948654,0.5594414628470136,1.0373156900158995,0.5314861660161743,-1.5844997201943427,-1.163743158424931
2025-09-30,-0.014494580360604798,,,-0.23320495183095116,,,0.09029864514691019,0.15672682202932872,0.3804105346862312,,-0.6395303929647842,,,,,,-0.0017086739819630213,0.595633928967398,0.43526780569911594,1.0717078922427552,0.5289829681530099,-1.6157087262063705,-1.1522578591655208
2025-10-31,-0.036821873792917285,,,-0.4273711271776623,,,0.07684462853222261,0.1319959061732093,0.13948147451735798,,-0.6276748956632809,,,,,,-0.06697867312187772,0.7987524657291296,0.27896491584440175,0.7828502149092691,0.5155598919035497,-1.7081048476541112,-1.2465779699804758
2025-11-30,-0.037875025324534836,,,-0.038824855083978795,,,0.10378026537437338,0.05762525701135315,0.8599555495580115,,-0.7330967138422637,,,,,,-0.12151479907803621,1.0315778005861596,0.4250825073760987,0.7994050733285154,0.5110908217903244,-1.6841599148010096,-1.2133201929066157
2025-12-31,-0.15962062716899206,,,-0.45835560509033707,,,0.11522533691301233,-0.05368871906069568,0.6799616347141013,,-0.6854929896841617,,,,,,0.08169763862103002,1.1546561747524686,0.6127077075414052,0.9803807795210071,0.5374440216988664,-1.6002731032289041,-1.1026623621533853
2026-01-31,-0.11228289921647344,,,0.0029992823818756928,,,0.019916093533765056,0.1318998853268019,0.6112129618966485,,-0.672149758563663,,,,,,-0.13002948957351185,0.5594259774888076,0.2766786947242828,0.8235094654102195,0.5637744214752834,-1.5443632287757227,-0.9499224550252986
2026-02-28,-0.2022536835108378,,,-0.5475360412209456,,,0.1672546814105139,-0.043168007003146915,0.3900179862706969,,-0.5246818274670991,,,,,,-0.1265429060489399,-0.1057694818318021,-0.04986117979112984,0.3518198623701193,0.5074856508874148,-1.662438901105095,-0.9400044049589378
2026-03-31,-0.2524005825298172,,,0.44106472882406,,,0.141098283581928,-0.1130096422825876,-0.2026302111683051,,-0.5518963661568699,,,,,,-0.11858806478114621,-0.9591270746434128,-0.7766876278070947,0.036515844051592784,0.45522160285897373,-1.6650519531086683,-1.1933740591067983
2026-04-30,,,,,,,0.23670966913772679,0.035602482759288276,,,-0.5149655138230732,,,,,,-0.13636900586903,0.9174289038704246,0.3529202381867425,0.9111233768175513,0.49466583108677087,,-0.9985791802658049
2026-05-31,,,,,,,0.17191202503323544,,,,,,,,,,,,,1.0969571172689794,0.509157569017452,,
