{
  "probit": {
    "auc": 0.9834825668159001,
    "pr_auc": 0.9574380452247896,
    "brier": 0.04994972956225981,
    "inv_brier": 20.019727614860468
  },
  "random_forest": {
    "auc": 0.9620132953466288,
    "pr_auc": 0.8882972221311675,
    "brier": 0.08368979204622166,
    "inv_brier": 11.948745800466424
  },
  "xgboost": {
    "auc": 0.9323022656355988,
    "pr_auc": 0.7965283861052095,
    "brier": 0.11773369456048745,
    "inv_brier": 8.493673030987814
  },
  "markov_switching": {
    "auc": 0.8943155609822276,
    "pr_auc": 0.6136802671787184,
    "brier": 0.10261628008797893,
    "inv_brier": 9.744947431296659
  }
}