{
  "probit": {
    "auc": 0.9874169040835707,
    "pr_auc": 0.9565259612478344,
    "brier": 0.04835133929559646,
    "inv_brier": 20.68152264333304
  },
  "random_forest": {
    "auc": 0.9633360466693801,
    "pr_auc": 0.8890563637709535,
    "brier": 0.08359210806582826,
    "inv_brier": 11.962708686612247
  },
  "xgboost": {
    "auc": 0.9417311083977752,
    "pr_auc": 0.8139715051004747,
    "brier": 0.1110808261504014,
    "inv_brier": 9.002372707179216
  },
  "markov_switching": {
    "auc": 0.8943155609822276,
    "pr_auc": 0.6136802671787184,
    "brier": 0.10261628008797893,
    "inv_brier": 9.744947431296659
  }
}