{
  "variant": "hybrid",
  "feature_count": 450,
  "must_include_collisions": [],
  "cv_auc": 0.9874169040835707,
  "cv_pr_auc": 0.9565259612478344,
  "cv_brier": 0.04835133929559646,
  "cv_logloss": NaN,
  "cv_per_model": {
    "probit": {
      "auc": 0.9874169040835707,
      "pr_auc": 0.9565259612478344,
      "brier": 0.04835133929559646,
      "inv_brier": 20.68152264333304
    },
    "random_forest": {
      "auc": 0.9633360466693801,
      "pr_auc": 0.8890563637709535,
      "brier": 0.08359210806582826,
      "inv_brier": 11.962708686612247
    },
    "xgboost": {
      "auc": 0.9417311083977752,
      "pr_auc": 0.8139715051004747,
      "brier": 0.1110808261504014,
      "inv_brier": 9.002372707179216
    },
    "markov_switching": {
      "auc": 0.8943155609822276,
      "pr_auc": 0.6136802671787184,
      "brier": 0.10261628008797893,
      "inv_brier": 9.744947431296659
    }
  },
  "test_auc": 0.6946006749156356,
  "test_pr_auc": 0.1929565292541699,
  "test_brier": 0.05481536567948316,
  "test_logloss": 0.21677792277798183,
  "ece": 0.08097485346023728,
  "backtest_mean_auc": 0.8871471634772551,
  "backtest_mean_brier": 0.19832667451109284,
  "backtest_recessions": "4/5",
  "per_recession_lead_months": {
    "Volcker I (1980)": 6.044678055190539,
    "S&L Crisis (1990-91)": 6.964520367936925,
    "GFC (2007-09)": 4.0078843626806835,
    "COVID (2020)": -6.011826544021025
  },
  "selected_feature_count": 50,
  "top_20_selected_features": [
    "NFCI_Z",
    "glr_CUMFNS_3M",
    "leading_PRFI_3M",
    "leading_PRFI_MoM",
    "leading_USSLIND",
    "leading_ICSA_YoY",
    "financial_NFCI_MA3",
    "coincident_IURSA_3M",
    "leading_PNFI_MoM",
    "DURABLES_Z",
    "leading_TB3MS_Vol6M",
    "coincident_IURSA_6M",
    "coincident_CMRMTSPL_6M",
    "leading_USSLIND_AT_RISK",
    "RESIDENTIAL_INV_Z",
    "leading_T10Y2Y_vs_ma24",
    "coincident_PAYEMS_Vol6M",
    "coincident_PAYEMS_6M",
    "leading_T10Y3M_MA6",
    "monetary_DFF_MA6"
  ],
  "top_20_at_risk_fraction": 0.05,
  "top_20_at_risk_names": [
    "leading_USSLIND_AT_RISK"
  ],
  "decision_threshold": 0.33,
  "ensemble_weights": {
    "probit": 0.5,
    "random_forest": 0.5
  }
}