{
  "probit": {
    "auc": 0.9891805725139059,
    "pr_auc": 0.9435596956159502,
    "brier": 0.040495835240515705,
    "inv_brier": 24.69328761274496
  },
  "random_forest": {
    "auc": 0.9665242165242165,
    "pr_auc": 0.8970738934098,
    "brier": 0.07915448804878907,
    "inv_brier": 12.633362823606495
  },
  "xgboost": {
    "auc": 0.9475308641975309,
    "pr_auc": 0.8177707069163637,
    "brier": 0.09989474637472472,
    "inv_brier": 10.010436242688874
  },
  "markov_switching": {
    "auc": 0.8943155609822276,
    "pr_auc": 0.6136802671787184,
    "brier": 0.10261628008797893,
    "inv_brier": 9.744947431296659
  }
}