{
  "variant": "pca_on_binarized",
  "feature_count": 410,
  "must_include_collisions": [
    "AT_RISK_DIFFUSION",
    "AT_RISK_DIFFUSION_WEIGHTED"
  ],
  "cv_auc": 0.9891805725139059,
  "cv_pr_auc": 0.9435596956159502,
  "cv_brier": 0.040495835240515705,
  "cv_logloss": NaN,
  "cv_per_model": {
    "probit": {
      "auc": 0.9891805725139059,
      "pr_auc": 0.9435596956159502,
      "brier": 0.040495835240515705,
      "inv_brier": 24.69328761274496
    },
    "random_forest": {
      "auc": 0.9665242165242165,
      "pr_auc": 0.8970738934098,
      "brier": 0.07915448804878907,
      "inv_brier": 12.633362823606495
    },
    "xgboost": {
      "auc": 0.9475308641975309,
      "pr_auc": 0.8177707069163637,
      "brier": 0.09989474637472472,
      "inv_brier": 10.010436242688874
    },
    "markov_switching": {
      "auc": 0.8943155609822276,
      "pr_auc": 0.6136802671787184,
      "brier": 0.10261628008797893,
      "inv_brier": 9.744947431296659
    }
  },
  "test_auc": 0.6541057367829022,
  "test_pr_auc": 0.21985890652557316,
  "test_brier": 0.05433762527503941,
  "test_logloss": 0.2354367237081446,
  "ece": 0.07644725184097989,
  "backtest_mean_auc": 0.8730711079538311,
  "backtest_mean_brier": 0.21274481939347206,
  "backtest_recessions": "4/5",
  "per_recession_lead_months": {
    "Volcker I (1980)": 6.964520367936925,
    "S&L Crisis (1990-91)": 3.9421813403416555,
    "GFC (2007-09)": 2.0039421813403417,
    "COVID (2020)": -4.993429697766097
  },
  "selected_feature_count": 50,
  "top_20_selected_features": [
    "NFCI_Z",
    "glr_CUMFNS_3M",
    "leading_PRFI_3M",
    "leading_PRFI_MoM",
    "leading_USSLIND",
    "leading_ICSA_YoY",
    "financial_NFCI_MA3",
    "DURABLES_Z",
    "leading_TB3MS_Vol6M",
    "coincident_IURSA_3M",
    "leading_PNFI_MoM",
    "coincident_IURSA_6M",
    "RESIDENTIAL_INV_Z",
    "leading_T10Y2Y_vs_ma24",
    "coincident_CMRMTSPL_6M",
    "coincident_PAYEMS_Vol6M",
    "leading_ICSA_6M",
    "coincident_PAYEMS_6M",
    "leading_UMCSENT_6M",
    "coincident_INDPRO_6M"
  ],
  "top_20_at_risk_fraction": 0.0,
  "top_20_at_risk_names": [],
  "decision_threshold": 0.33,
  "ensemble_weights": {
    "probit": 0.5,
    "random_forest": 0.5
  }
}